AM	CONCOCT	1700
AM	CONCOCT	1700
AM	CONCOCT	1665
AM	CONCOCT	1705
AM	CONCOCT	1676
AM	CONCOCT	1665
AM	CONCOCT	1655
AM	CONCOCT	1663
AM	CONCOCT	1664
AM	CONCOCT	1741
AM	CONCOCT	1727
AM	CONCOCT	1680
AM	CONCOCT	1714
AM	CONCOCT	1696
AM	CONCOCT	1715
AM	CONCOCT	1682
AM	CONCOCT	1716
AM	CONCOCT	1738
AM	CONCOCT	1671
AM	CONCOCT	1668
AM	CONCOCT	1726
AM	CONCOCT	1718
AM	CONCOCT	1668
AM	CONCOCT	1683
AM	CONCOCT	1702
AM	CONCOCT	1738
AM	CONCOCT	1661
AM	CONCOCT	1727
AM	CONCOCT	1690
AM	CONCOCT	1716
AM	CONCOCT	1662
AM	CONCOCT	1709
AM	CONCOCT	1743
AM	CONCOCT	1679
AM	CONCOCT	1654
AM	CONCOCT	1686
AM	CONCOCT	1647
AM	CONCOCT	1720
AM	CONCOCT	1665
AM	CONCOCT	1680
AM	CONCOCT	1702
AM	CONCOCT	1713
AM	CONCOCT	1716
AM	CONCOCT	1664
AM	CONCOCT	1710
AM	CONCOCT	1721
AM	CONCOCT	1661
AM	CONCOCT	1727
AM	CONCOCT	1670
AM	CONCOCT	1682
AM	CONCOCT	1661
AM	CONCOCT	1683
AM	CONCOCT	1702
AM	CONCOCT	1656
AM	CONCOCT	1687
AM	CONCOCT	1709
AM	CONCOCT	1741
AM	CONCOCT	1667
AM	CONCOCT	1667
AM	CONCOCT	1657
AM	CONCOCT	1729
AM	CONCOCT	1695
AM	CONCOCT	1722
AM	CONCOCT	1748
AM	CONCOCT	1674
AM	CONCOCT	1670
AM	CONCOCT	1692
AM	CONCOCT	1719
AM	CONCOCT	1679
AM	CONCOCT	1667
AM	CONCOCT	1677
AM	CONCOCT	1697
AM	CONCOCT	1700
AM	CONCOCT	1689
AM	CONCOCT	1705
AM	CONCOCT	1644
AM	CONCOCT	1703
AM	CONCOCT	1738
AM	CONCOCT	1719
AM	CONCOCT	1732
AM	CONCOCT	1742
AM	CONCOCT	1682
AM	CONCOCT	1723
AM	CONCOCT	1663
AM	CONCOCT	1739
AM	CONCOCT	1717
AM	CONCOCT	1731
AM	CONCOCT	1702
AM	CONCOCT	1654
AM	CONCOCT	1672
AM	CONCOCT	1727
AM	CONCOCT	1682
AM	CONCOCT	1706
AM	CONCOCT	1712
AM	CONCOCT	1742
AM	CONCOCT	1717
AM	CONCOCT	1705
AM	CONCOCT	1685
AM	CONCOCT	1714
AM	CONCOCT	1648
AM	MAXBIN2	1742
AM	MAXBIN2	1745
AM	MAXBIN2	1736
AM	MAXBIN2	1730
AM	MAXBIN2	1709
AM	MAXBIN2	1706
AM	MAXBIN2	1739
AM	MAXBIN2	1718
AM	MAXBIN2	1721
AM	MAXBIN2	1716
AM	MAXBIN2	1713
AM	MAXBIN2	1731
AM	MAXBIN2	1734
AM	MAXBIN2	1724
AM	MAXBIN2	1739
AM	MAXBIN2	1739
AM	MAXBIN2	1729
AM	MAXBIN2	1732
AM	MAXBIN2	1724
AM	MAXBIN2	1734
AM	MAXBIN2	1721
AM	MAXBIN2	1722
AM	MAXBIN2	1722
AM	MAXBIN2	1717
AM	MAXBIN2	1725
AM	MAXBIN2	1726
AM	MAXBIN2	1713
AM	MAXBIN2	1743
AM	MAXBIN2	1730
AM	MAXBIN2	1728
AM	MAXBIN2	1729
AM	MAXBIN2	1737
AM	MAXBIN2	1726
AM	MAXBIN2	1719
AM	MAXBIN2	1743
AM	MAXBIN2	1728
AM	MAXBIN2	1740
AM	MAXBIN2	1725
AM	MAXBIN2	1731
AM	MAXBIN2	1712
AM	MAXBIN2	1738
AM	MAXBIN2	1698
AM	MAXBIN2	1734
AM	MAXBIN2	1724
AM	MAXBIN2	1716
AM	MAXBIN2	1716
AM	MAXBIN2	1722
AM	MAXBIN2	1734
AM	MAXBIN2	1741
AM	MAXBIN2	1739
AM	MAXBIN2	1721
AM	MAXBIN2	1728
AM	MAXBIN2	1714
AM	MAXBIN2	1732
AM	MAXBIN2	1718
AM	MAXBIN2	1713
AM	MAXBIN2	1708
AM	MAXBIN2	1727
AM	MAXBIN2	1714
AM	MAXBIN2	1740
AM	MAXBIN2	1714
AM	MAXBIN2	1724
AM	MAXBIN2	1741
AM	MAXBIN2	1714
AM	MAXBIN2	1733
AM	MAXBIN2	1736
AM	MAXBIN2	1731
AM	MAXBIN2	1729
AM	MAXBIN2	1727
AM	MAXBIN2	1713
AM	MAXBIN2	1732
AM	MAXBIN2	1721
AM	MAXBIN2	1733
AM	MAXBIN2	1721
AM	MAXBIN2	1736
AM	MAXBIN2	1729
AM	MAXBIN2	1722
AM	MAXBIN2	1747
AM	MAXBIN2	1723
AM	MAXBIN2	1729
AM	MAXBIN2	1721
AM	MAXBIN2	1710
AM	MAXBIN2	1716
AM	MAXBIN2	1719
AM	MAXBIN2	1719
AM	MAXBIN2	1747
AM	MAXBIN2	1729
AM	MAXBIN2	1731
AM	MAXBIN2	1707
AM	MAXBIN2	1714
AM	MAXBIN2	1719
AM	MAXBIN2	1726
AM	MAXBIN2	1723
AM	MAXBIN2	1716
AM	MAXBIN2	1737
AM	MAXBIN2	1723
AM	MAXBIN2	1738
AM	MAXBIN2	1718
AM	MAXBIN2	1726
AM	MAXBIN2	1702
AM	METABAT2	1514
AM	METABAT2	1572
AM	METABAT2	1570
AM	METABAT2	1537
AM	METABAT2	1521
AM	METABAT2	1522
AM	METABAT2	1534
AM	METABAT2	1511
AM	METABAT2	1515
AM	METABAT2	1542
AM	METABAT2	1550
AM	METABAT2	1519
AM	METABAT2	1519
AM	METABAT2	1524
AM	METABAT2	1521
AM	METABAT2	1524
AM	METABAT2	1516
AM	METABAT2	1526
AM	METABAT2	1536
AM	METABAT2	1537
AM	METABAT2	1520
AM	METABAT2	1514
AM	METABAT2	1543
AM	METABAT2	1530
AM	METABAT2	1531
AM	METABAT2	1538
AM	METABAT2	1519
AM	METABAT2	1520
AM	METABAT2	1519
AM	METABAT2	1527
AM	METABAT2	1582
AM	METABAT2	1524
AM	METABAT2	1559
AM	METABAT2	1563
AM	METABAT2	1535
AM	METABAT2	1560
AM	METABAT2	1548
AM	METABAT2	1543
AM	METABAT2	1572
AM	METABAT2	1558
AM	METABAT2	1556
AM	METABAT2	1523
AM	METABAT2	1532
AM	METABAT2	1533
AM	METABAT2	1524
AM	METABAT2	1542
AM	METABAT2	1517
AM	METABAT2	1556
AM	METABAT2	1524
AM	METABAT2	1553
AM	METABAT2	1521
AM	METABAT2	1519
AM	METABAT2	1561
AM	METABAT2	1552
AM	METABAT2	1576
AM	METABAT2	1538
AM	METABAT2	1544
AM	METABAT2	1517
AM	METABAT2	1543
AM	METABAT2	1567
AM	METABAT2	1536
AM	METABAT2	1553
AM	METABAT2	1542
AM	METABAT2	1530
AM	METABAT2	1521
AM	METABAT2	1563
AM	METABAT2	1525
AM	METABAT2	1517
AM	METABAT2	1511
AM	METABAT2	1534
AM	METABAT2	1522
AM	METABAT2	1540
AM	METABAT2	1534
AM	METABAT2	1530
AM	METABAT2	1515
AM	METABAT2	1518
AM	METABAT2	1553
AM	METABAT2	1531
AM	METABAT2	1521
AM	METABAT2	1518
AM	METABAT2	1562
AM	METABAT2	1537
AM	METABAT2	1511
AM	METABAT2	1511
AM	METABAT2	1511
AM	METABAT2	1531
AM	METABAT2	1540
AM	METABAT2	1522
AM	METABAT2	1519
AM	METABAT2	1521
AM	METABAT2	1547
AM	METABAT2	1542
AM	METABAT2	1587
AM	METABAT2	1518
AM	METABAT2	1517
AM	METABAT2	1529
AM	METABAT2	1548
AM	METABAT2	1551
AM	METABAT2	1522
AM	METABAT2	1552
AM	METAWRAP	1717
AM	METAWRAP	1688
AM	METAWRAP	1718
AM	METAWRAP	1735
AM	METAWRAP	1693
AM	METAWRAP	1741
AM	METAWRAP	1694
AM	METAWRAP	1687
AM	METAWRAP	1712
AM	METAWRAP	1690
AM	METAWRAP	1667
AM	METAWRAP	1707
AM	METAWRAP	1692
AM	METAWRAP	1685
AM	METAWRAP	1704
AM	METAWRAP	1711
AM	METAWRAP	1729
AM	METAWRAP	1704
AM	METAWRAP	1706
AM	METAWRAP	1692
AM	METAWRAP	1718
AM	METAWRAP	1710
AM	METAWRAP	1730
AM	METAWRAP	1687
AM	METAWRAP	1702
AM	METAWRAP	1694
AM	METAWRAP	1710
AM	METAWRAP	1719
AM	METAWRAP	1724
AM	METAWRAP	1710
AM	METAWRAP	1714
AM	METAWRAP	1715
AM	METAWRAP	1703
AM	METAWRAP	1689
AM	METAWRAP	1725
AM	METAWRAP	1719
AM	METAWRAP	1683
AM	METAWRAP	1700
AM	METAWRAP	1700
AM	METAWRAP	1728
AM	METAWRAP	1669
AM	METAWRAP	1716
AM	METAWRAP	1730
AM	METAWRAP	1699
AM	METAWRAP	1702
AM	METAWRAP	1693
AM	METAWRAP	1670
AM	METAWRAP	1687
AM	METAWRAP	1706
AM	METAWRAP	1689
AM	METAWRAP	1708
AM	METAWRAP	1703
AM	METAWRAP	1719
AM	METAWRAP	1713
AM	METAWRAP	1671
AM	METAWRAP	1720
AM	METAWRAP	1721
AM	METAWRAP	1693
AM	METAWRAP	1692
AM	METAWRAP	1654
AM	METAWRAP	1678
AM	METAWRAP	1714
AM	METAWRAP	1700
AM	METAWRAP	1719
AM	METAWRAP	1698
AM	METAWRAP	1654
AM	METAWRAP	1720
AM	METAWRAP	1727
AM	METAWRAP	1684
AM	METAWRAP	1707
AM	METAWRAP	1718
AM	METAWRAP	1745
AM	METAWRAP	1713
AM	METAWRAP	1709
AM	METAWRAP	1710
AM	METAWRAP	1732
AM	METAWRAP	1700
AM	METAWRAP	1705
AM	METAWRAP	1718
AM	METAWRAP	1702
AM	METAWRAP	1689
AM	METAWRAP	1712
AM	METAWRAP	1703
AM	METAWRAP	1717
AM	METAWRAP	1698
AM	METAWRAP	1682
AM	METAWRAP	1711
AM	METAWRAP	1674
AM	METAWRAP	1648
AM	METAWRAP	1709
AM	METAWRAP	1683
AM	METAWRAP	1662
AM	METAWRAP	1700
AM	METAWRAP	1724
AM	METAWRAP	1724
AM	METAWRAP	1717
AM	METAWRAP	1717
AM	METAWRAP	1683
AM	METAWRAP	1703
AM	METAWRAP	1712
BG	CONCOCT	1133
BG	CONCOCT	1045
BG	CONCOCT	1067
BG	CONCOCT	1095
BG	CONCOCT	1100
BG	CONCOCT	1047
BG	CONCOCT	1104
BG	CONCOCT	1040
BG	CONCOCT	1104
BG	CONCOCT	1063
BG	CONCOCT	1100
BG	CONCOCT	1030
BG	CONCOCT	1106
BG	CONCOCT	1093
BG	CONCOCT	1117
BG	CONCOCT	1023
BG	CONCOCT	1105
BG	CONCOCT	1077
BG	CONCOCT	1110
BG	CONCOCT	1102
BG	CONCOCT	1081
BG	CONCOCT	1088
BG	CONCOCT	1117
BG	CONCOCT	1108
BG	CONCOCT	1105
BG	CONCOCT	1111
BG	CONCOCT	1100
BG	CONCOCT	1034
BG	CONCOCT	1032
BG	CONCOCT	1070
BG	CONCOCT	1098
BG	CONCOCT	1105
BG	CONCOCT	1039
BG	CONCOCT	1118
BG	CONCOCT	1077
BG	CONCOCT	1085
BG	CONCOCT	1048
BG	CONCOCT	1078
BG	CONCOCT	1091
BG	CONCOCT	1099
BG	CONCOCT	1060
BG	CONCOCT	1094
BG	CONCOCT	1052
BG	CONCOCT	1075
BG	CONCOCT	1128
BG	CONCOCT	1078
BG	CONCOCT	1072
BG	CONCOCT	1067
BG	CONCOCT	1073
BG	CONCOCT	1121
BG	CONCOCT	1088
BG	CONCOCT	1118
BG	CONCOCT	1121
BG	CONCOCT	1083
BG	CONCOCT	1097
BG	CONCOCT	1033
BG	CONCOCT	1116
BG	CONCOCT	1060
BG	CONCOCT	1070
BG	CONCOCT	1062
BG	CONCOCT	1113
BG	CONCOCT	1123
BG	CONCOCT	1039
BG	CONCOCT	1082
BG	CONCOCT	1030
BG	CONCOCT	1072
BG	CONCOCT	1085
BG	CONCOCT	1047
BG	CONCOCT	1068
BG	CONCOCT	1062
BG	CONCOCT	1079
BG	CONCOCT	1032
BG	CONCOCT	1061
BG	CONCOCT	1086
BG	CONCOCT	1103
BG	CONCOCT	1060
BG	CONCOCT	1081
BG	CONCOCT	1064
BG	CONCOCT	1137
BG	CONCOCT	1034
BG	CONCOCT	1118
BG	CONCOCT	1114
BG	CONCOCT	1089
BG	CONCOCT	1091
BG	CONCOCT	1155
BG	CONCOCT	1029
BG	CONCOCT	1050
BG	CONCOCT	1074
BG	CONCOCT	1056
BG	CONCOCT	1081
BG	CONCOCT	1024
BG	CONCOCT	1069
BG	CONCOCT	1050
BG	CONCOCT	1059
BG	CONCOCT	1102
BG	CONCOCT	1089
BG	CONCOCT	1102
BG	CONCOCT	1104
BG	CONCOCT	1070
BG	CONCOCT	1121
BG	MAXBIN2	1071
BG	MAXBIN2	1047
BG	MAXBIN2	1000
BG	MAXBIN2	1079
BG	MAXBIN2	1055
BG	MAXBIN2	1035
BG	MAXBIN2	967
BG	MAXBIN2	1005
BG	MAXBIN2	1037
BG	MAXBIN2	948
BG	MAXBIN2	1108
BG	MAXBIN2	975
BG	MAXBIN2	993
BG	MAXBIN2	881
BG	MAXBIN2	1002
BG	MAXBIN2	1080
BG	MAXBIN2	1017
BG	MAXBIN2	1055
BG	MAXBIN2	1073
BG	MAXBIN2	1048
BG	MAXBIN2	945
BG	MAXBIN2	1045
BG	MAXBIN2	897
BG	MAXBIN2	1029
BG	MAXBIN2	1116
BG	MAXBIN2	944
BG	MAXBIN2	1105
BG	MAXBIN2	915
BG	MAXBIN2	982
BG	MAXBIN2	1018
BG	MAXBIN2	1036
BG	MAXBIN2	902
BG	MAXBIN2	1061
BG	MAXBIN2	1074
BG	MAXBIN2	1085
BG	MAXBIN2	1055
BG	MAXBIN2	967
BG	MAXBIN2	1049
BG	MAXBIN2	1044
BG	MAXBIN2	1063
BG	MAXBIN2	962
BG	MAXBIN2	1021
BG	MAXBIN2	1073
BG	MAXBIN2	917
BG	MAXBIN2	981
BG	MAXBIN2	1079
BG	MAXBIN2	1004
BG	MAXBIN2	1026
BG	MAXBIN2	990
BG	MAXBIN2	1081
BG	MAXBIN2	1045
BG	MAXBIN2	1080
BG	MAXBIN2	966
BG	MAXBIN2	1004
BG	MAXBIN2	1091
BG	MAXBIN2	1029
BG	MAXBIN2	1037
BG	MAXBIN2	1053
BG	MAXBIN2	933
BG	MAXBIN2	1019
BG	MAXBIN2	936
BG	MAXBIN2	940
BG	MAXBIN2	1112
BG	MAXBIN2	972
BG	MAXBIN2	981
BG	MAXBIN2	1001
BG	MAXBIN2	923
BG	MAXBIN2	1014
BG	MAXBIN2	970
BG	MAXBIN2	979
BG	MAXBIN2	983
BG	MAXBIN2	1029
BG	MAXBIN2	989
BG	MAXBIN2	905
BG	MAXBIN2	1023
BG	MAXBIN2	997
BG	MAXBIN2	1018
BG	MAXBIN2	1023
BG	MAXBIN2	1000
BG	MAXBIN2	912
BG	MAXBIN2	1031
BG	MAXBIN2	1030
BG	MAXBIN2	966
BG	MAXBIN2	927
BG	MAXBIN2	1022
BG	MAXBIN2	1000
BG	MAXBIN2	1020
BG	MAXBIN2	1051
BG	MAXBIN2	1029
BG	MAXBIN2	1008
BG	MAXBIN2	962
BG	MAXBIN2	994
BG	MAXBIN2	1007
BG	MAXBIN2	1013
BG	MAXBIN2	1028
BG	MAXBIN2	1055
BG	MAXBIN2	992
BG	MAXBIN2	1103
BG	MAXBIN2	1021
BG	MAXBIN2	1077
BG	METABAT2	735
BG	METABAT2	724
BG	METABAT2	719
BG	METABAT2	731
BG	METABAT2	717
BG	METABAT2	738
BG	METABAT2	722
BG	METABAT2	761
BG	METABAT2	727
BG	METABAT2	768
BG	METABAT2	725
BG	METABAT2	713
BG	METABAT2	727
BG	METABAT2	735
BG	METABAT2	763
BG	METABAT2	714
BG	METABAT2	717
BG	METABAT2	728
BG	METABAT2	724
BG	METABAT2	743
BG	METABAT2	728
BG	METABAT2	764
BG	METABAT2	720
BG	METABAT2	766
BG	METABAT2	734
BG	METABAT2	722
BG	METABAT2	717
BG	METABAT2	729
BG	METABAT2	740
BG	METABAT2	722
BG	METABAT2	729
BG	METABAT2	748
BG	METABAT2	727
BG	METABAT2	738
BG	METABAT2	725
BG	METABAT2	745
BG	METABAT2	726
BG	METABAT2	718
BG	METABAT2	745
BG	METABAT2	765
BG	METABAT2	719
BG	METABAT2	715
BG	METABAT2	739
BG	METABAT2	727
BG	METABAT2	771
BG	METABAT2	725
BG	METABAT2	718
BG	METABAT2	736
BG	METABAT2	744
BG	METABAT2	732
BG	METABAT2	725
BG	METABAT2	751
BG	METABAT2	719
BG	METABAT2	730
BG	METABAT2	744
BG	METABAT2	727
BG	METABAT2	761
BG	METABAT2	729
BG	METABAT2	739
BG	METABAT2	748
BG	METABAT2	717
BG	METABAT2	732
BG	METABAT2	731
BG	METABAT2	775
BG	METABAT2	743
BG	METABAT2	765
BG	METABAT2	803
BG	METABAT2	727
BG	METABAT2	719
BG	METABAT2	716
BG	METABAT2	741
BG	METABAT2	730
BG	METABAT2	726
BG	METABAT2	740
BG	METABAT2	740
BG	METABAT2	723
BG	METABAT2	724
BG	METABAT2	724
BG	METABAT2	774
BG	METABAT2	731
BG	METABAT2	777
BG	METABAT2	721
BG	METABAT2	725
BG	METABAT2	726
BG	METABAT2	719
BG	METABAT2	742
BG	METABAT2	732
BG	METABAT2	763
BG	METABAT2	722
BG	METABAT2	739
BG	METABAT2	771
BG	METABAT2	722
BG	METABAT2	714
BG	METABAT2	732
BG	METABAT2	717
BG	METABAT2	727
BG	METABAT2	735
BG	METABAT2	721
BG	METABAT2	723
BG	METABAT2	732
BG	METAWRAP	912
BG	METAWRAP	1112
BG	METAWRAP	997
BG	METAWRAP	971
BG	METAWRAP	1048
BG	METAWRAP	1059
BG	METAWRAP	900
BG	METAWRAP	1013
BG	METAWRAP	977
BG	METAWRAP	1031
BG	METAWRAP	968
BG	METAWRAP	1043
BG	METAWRAP	1052
BG	METAWRAP	977
BG	METAWRAP	1010
BG	METAWRAP	1118
BG	METAWRAP	999
BG	METAWRAP	1094
BG	METAWRAP	1065
BG	METAWRAP	978
BG	METAWRAP	925
BG	METAWRAP	1005
BG	METAWRAP	982
BG	METAWRAP	1018
BG	METAWRAP	929
BG	METAWRAP	964
BG	METAWRAP	997
BG	METAWRAP	992
BG	METAWRAP	1057
BG	METAWRAP	889
BG	METAWRAP	903
BG	METAWRAP	1017
BG	METAWRAP	1035
BG	METAWRAP	989
BG	METAWRAP	936
BG	METAWRAP	1052
BG	METAWRAP	1009
BG	METAWRAP	1005
BG	METAWRAP	1013
BG	METAWRAP	920
BG	METAWRAP	930
BG	METAWRAP	1049
BG	METAWRAP	956
BG	METAWRAP	1009
BG	METAWRAP	1040
BG	METAWRAP	982
BG	METAWRAP	1087
BG	METAWRAP	1075
BG	METAWRAP	965
BG	METAWRAP	1051
BG	METAWRAP	1028
BG	METAWRAP	984
BG	METAWRAP	1036
BG	METAWRAP	1066
BG	METAWRAP	1073
BG	METAWRAP	1047
BG	METAWRAP	936
BG	METAWRAP	977
BG	METAWRAP	1037
BG	METAWRAP	1074
BG	METAWRAP	929
BG	METAWRAP	951
BG	METAWRAP	1008
BG	METAWRAP	1047
BG	METAWRAP	1050
BG	METAWRAP	1059
BG	METAWRAP	977
BG	METAWRAP	1009
BG	METAWRAP	1039
BG	METAWRAP	935
BG	METAWRAP	990
BG	METAWRAP	977
BG	METAWRAP	1013
BG	METAWRAP	1067
BG	METAWRAP	914
BG	METAWRAP	1049
BG	METAWRAP	1046
BG	METAWRAP	932
BG	METAWRAP	954
BG	METAWRAP	1060
BG	METAWRAP	1013
BG	METAWRAP	913
BG	METAWRAP	979
BG	METAWRAP	935
BG	METAWRAP	977
BG	METAWRAP	1000
BG	METAWRAP	915
BG	METAWRAP	1046
BG	METAWRAP	1034
BG	METAWRAP	989
BG	METAWRAP	1043
BG	METAWRAP	1047
BG	METAWRAP	1042
BG	METAWRAP	996
BG	METAWRAP	1055
BG	METAWRAP	946
BG	METAWRAP	1000
BG	METAWRAP	1013
BG	METAWRAP	1014
BG	METAWRAP	890
LJ	CONCOCT	1212
LJ	CONCOCT	1201
LJ	CONCOCT	1200
LJ	CONCOCT	1197
LJ	CONCOCT	1184
LJ	CONCOCT	1203
LJ	CONCOCT	1202
LJ	CONCOCT	1189
LJ	CONCOCT	1196
LJ	CONCOCT	1206
LJ	CONCOCT	1189
LJ	CONCOCT	1216
LJ	CONCOCT	1204
LJ	CONCOCT	1196
LJ	CONCOCT	1185
LJ	CONCOCT	1218
LJ	CONCOCT	1191
LJ	CONCOCT	1192
LJ	CONCOCT	1194
LJ	CONCOCT	1201
LJ	CONCOCT	1205
LJ	CONCOCT	1198
LJ	CONCOCT	1188
LJ	CONCOCT	1204
LJ	CONCOCT	1193
LJ	CONCOCT	1193
LJ	CONCOCT	1200
LJ	CONCOCT	1198
LJ	CONCOCT	1199
LJ	CONCOCT	1200
LJ	CONCOCT	1200
LJ	CONCOCT	1203
LJ	CONCOCT	1188
LJ	CONCOCT	1205
LJ	CONCOCT	1197
LJ	CONCOCT	1185
LJ	CONCOCT	1188
LJ	CONCOCT	1205
LJ	CONCOCT	1188
LJ	CONCOCT	1197
LJ	CONCOCT	1195
LJ	CONCOCT	1211
LJ	CONCOCT	1193
LJ	CONCOCT	1191
LJ	CONCOCT	1199
LJ	CONCOCT	1185
LJ	CONCOCT	1206
LJ	CONCOCT	1207
LJ	CONCOCT	1198
LJ	CONCOCT	1192
LJ	CONCOCT	1196
LJ	CONCOCT	1195
LJ	CONCOCT	1197
LJ	CONCOCT	1188
LJ	CONCOCT	1201
LJ	CONCOCT	1209
LJ	CONCOCT	1207
LJ	CONCOCT	1208
LJ	CONCOCT	1184
LJ	CONCOCT	1202
LJ	CONCOCT	1198
LJ	CONCOCT	1191
LJ	CONCOCT	1211
LJ	CONCOCT	1195
LJ	CONCOCT	1190
LJ	CONCOCT	1189
LJ	CONCOCT	1202
LJ	CONCOCT	1198
LJ	CONCOCT	1184
LJ	CONCOCT	1189
LJ	CONCOCT	1185
LJ	CONCOCT	1196
LJ	CONCOCT	1198
LJ	CONCOCT	1190
LJ	CONCOCT	1189
LJ	CONCOCT	1188
LJ	CONCOCT	1207
LJ	CONCOCT	1188
LJ	CONCOCT	1193
LJ	CONCOCT	1191
LJ	CONCOCT	1192
LJ	CONCOCT	1198
LJ	CONCOCT	1197
LJ	CONCOCT	1197
LJ	CONCOCT	1184
LJ	CONCOCT	1192
LJ	CONCOCT	1203
LJ	CONCOCT	1189
LJ	CONCOCT	1221
LJ	CONCOCT	1188
LJ	CONCOCT	1190
LJ	CONCOCT	1194
LJ	CONCOCT	1196
LJ	CONCOCT	1193
LJ	CONCOCT	1209
LJ	CONCOCT	1204
LJ	CONCOCT	1195
LJ	CONCOCT	1199
LJ	CONCOCT	1194
LJ	CONCOCT	1194
LJ	MAXBIN2	1027
LJ	MAXBIN2	1079
LJ	MAXBIN2	1036
LJ	MAXBIN2	952
LJ	MAXBIN2	1034
LJ	MAXBIN2	1036
LJ	MAXBIN2	1001
LJ	MAXBIN2	1043
LJ	MAXBIN2	998
LJ	MAXBIN2	1018
LJ	MAXBIN2	1103
LJ	MAXBIN2	1027
LJ	MAXBIN2	1072
LJ	MAXBIN2	1022
LJ	MAXBIN2	987
LJ	MAXBIN2	1110
LJ	MAXBIN2	1080
LJ	MAXBIN2	1015
LJ	MAXBIN2	955
LJ	MAXBIN2	976
LJ	MAXBIN2	1089
LJ	MAXBIN2	981
LJ	MAXBIN2	947
LJ	MAXBIN2	1053
LJ	MAXBIN2	1107
LJ	MAXBIN2	987
LJ	MAXBIN2	1023
LJ	MAXBIN2	1048
LJ	MAXBIN2	992
LJ	MAXBIN2	1051
LJ	MAXBIN2	1057
LJ	MAXBIN2	1029
LJ	MAXBIN2	1110
LJ	MAXBIN2	964
LJ	MAXBIN2	1048
LJ	MAXBIN2	1013
LJ	MAXBIN2	1022
LJ	MAXBIN2	998
LJ	MAXBIN2	1058
LJ	MAXBIN2	1007
LJ	MAXBIN2	1047
LJ	MAXBIN2	1019
LJ	MAXBIN2	1080
LJ	MAXBIN2	1073
LJ	MAXBIN2	1067
LJ	MAXBIN2	1064
LJ	MAXBIN2	1027
LJ	MAXBIN2	1080
LJ	MAXBIN2	1020
LJ	MAXBIN2	1005
LJ	MAXBIN2	1039
LJ	MAXBIN2	1067
LJ	MAXBIN2	1051
LJ	MAXBIN2	1031
LJ	MAXBIN2	1022
LJ	MAXBIN2	1047
LJ	MAXBIN2	997
LJ	MAXBIN2	982
LJ	MAXBIN2	984
LJ	MAXBIN2	1046
LJ	MAXBIN2	1089
LJ	MAXBIN2	1010
LJ	MAXBIN2	1026
LJ	MAXBIN2	966
LJ	MAXBIN2	1068
LJ	MAXBIN2	988
LJ	MAXBIN2	1079
LJ	MAXBIN2	1030
LJ	MAXBIN2	1054
LJ	MAXBIN2	1041
LJ	MAXBIN2	1051
LJ	MAXBIN2	1064
LJ	MAXBIN2	1025
LJ	MAXBIN2	1044
LJ	MAXBIN2	1072
LJ	MAXBIN2	1090
LJ	MAXBIN2	1013
LJ	MAXBIN2	1025
LJ	MAXBIN2	1024
LJ	MAXBIN2	1069
LJ	MAXBIN2	1032
LJ	MAXBIN2	932
LJ	MAXBIN2	979
LJ	MAXBIN2	1019
LJ	MAXBIN2	1032
LJ	MAXBIN2	1039
LJ	MAXBIN2	1019
LJ	MAXBIN2	1124
LJ	MAXBIN2	988
LJ	MAXBIN2	1037
LJ	MAXBIN2	1044
LJ	MAXBIN2	1092
LJ	MAXBIN2	1022
LJ	MAXBIN2	1071
LJ	MAXBIN2	989
LJ	MAXBIN2	1002
LJ	MAXBIN2	1018
LJ	MAXBIN2	1066
LJ	MAXBIN2	1024
LJ	MAXBIN2	989
LJ	METABAT2	705
LJ	METABAT2	750
LJ	METABAT2	726
LJ	METABAT2	702
LJ	METABAT2	697
LJ	METABAT2	710
LJ	METABAT2	702
LJ	METABAT2	748
LJ	METABAT2	716
LJ	METABAT2	700
LJ	METABAT2	695
LJ	METABAT2	712
LJ	METABAT2	711
LJ	METABAT2	706
LJ	METABAT2	701
LJ	METABAT2	703
LJ	METABAT2	741
LJ	METABAT2	712
LJ	METABAT2	715
LJ	METABAT2	715
LJ	METABAT2	708
LJ	METABAT2	738
LJ	METABAT2	712
LJ	METABAT2	766
LJ	METABAT2	737
LJ	METABAT2	728
LJ	METABAT2	754
LJ	METABAT2	721
LJ	METABAT2	721
LJ	METABAT2	702
LJ	METABAT2	730
LJ	METABAT2	711
LJ	METABAT2	732
LJ	METABAT2	715
LJ	METABAT2	719
LJ	METABAT2	704
LJ	METABAT2	707
LJ	METABAT2	704
LJ	METABAT2	702
LJ	METABAT2	714
LJ	METABAT2	706
LJ	METABAT2	762
LJ	METABAT2	713
LJ	METABAT2	696
LJ	METABAT2	784
LJ	METABAT2	723
LJ	METABAT2	717
LJ	METABAT2	712
LJ	METABAT2	707
LJ	METABAT2	708
LJ	METABAT2	702
LJ	METABAT2	708
LJ	METABAT2	717
LJ	METABAT2	760
LJ	METABAT2	710
LJ	METABAT2	773
LJ	METABAT2	729
LJ	METABAT2	707
LJ	METABAT2	722
LJ	METABAT2	693
LJ	METABAT2	705
LJ	METABAT2	701
LJ	METABAT2	726
LJ	METABAT2	710
LJ	METABAT2	762
LJ	METABAT2	703
LJ	METABAT2	716
LJ	METABAT2	726
LJ	METABAT2	734
LJ	METABAT2	706
LJ	METABAT2	730
LJ	METABAT2	736
LJ	METABAT2	703
LJ	METABAT2	713
LJ	METABAT2	707
LJ	METABAT2	696
LJ	METABAT2	731
LJ	METABAT2	753
LJ	METABAT2	725
LJ	METABAT2	699
LJ	METABAT2	736
LJ	METABAT2	729
LJ	METABAT2	744
LJ	METABAT2	711
LJ	METABAT2	697
LJ	METABAT2	708
LJ	METABAT2	730
LJ	METABAT2	710
LJ	METABAT2	697
LJ	METABAT2	699
LJ	METABAT2	746
LJ	METABAT2	727
LJ	METABAT2	718
LJ	METABAT2	727
LJ	METABAT2	722
LJ	METABAT2	713
LJ	METABAT2	708
LJ	METABAT2	725
LJ	METABAT2	729
LJ	METABAT2	709
LJ	METAWRAP	927
LJ	METAWRAP	969
LJ	METAWRAP	908
LJ	METAWRAP	983
LJ	METAWRAP	892
LJ	METAWRAP	953
LJ	METAWRAP	1020
LJ	METAWRAP	984
LJ	METAWRAP	1016
LJ	METAWRAP	984
LJ	METAWRAP	942
LJ	METAWRAP	986
LJ	METAWRAP	1022
LJ	METAWRAP	872
LJ	METAWRAP	878
LJ	METAWRAP	948
LJ	METAWRAP	919
LJ	METAWRAP	952
LJ	METAWRAP	953
LJ	METAWRAP	1000
LJ	METAWRAP	949
LJ	METAWRAP	966
LJ	METAWRAP	991
LJ	METAWRAP	886
LJ	METAWRAP	920
LJ	METAWRAP	977
LJ	METAWRAP	973
LJ	METAWRAP	933
LJ	METAWRAP	960
LJ	METAWRAP	995
LJ	METAWRAP	949
LJ	METAWRAP	995
LJ	METAWRAP	919
LJ	METAWRAP	915
LJ	METAWRAP	980
LJ	METAWRAP	966
LJ	METAWRAP	973
LJ	METAWRAP	1021
LJ	METAWRAP	950
LJ	METAWRAP	873
LJ	METAWRAP	957
LJ	METAWRAP	941
LJ	METAWRAP	1004
LJ	METAWRAP	993
LJ	METAWRAP	936
LJ	METAWRAP	977
LJ	METAWRAP	1043
LJ	METAWRAP	910
LJ	METAWRAP	934
LJ	METAWRAP	941
LJ	METAWRAP	935
LJ	METAWRAP	999
LJ	METAWRAP	933
LJ	METAWRAP	959
LJ	METAWRAP	942
LJ	METAWRAP	990
LJ	METAWRAP	1027
LJ	METAWRAP	946
LJ	METAWRAP	924
LJ	METAWRAP	881
LJ	METAWRAP	878
LJ	METAWRAP	981
LJ	METAWRAP	965
LJ	METAWRAP	928
LJ	METAWRAP	949
LJ	METAWRAP	984
LJ	METAWRAP	936
LJ	METAWRAP	960
LJ	METAWRAP	918
LJ	METAWRAP	888
LJ	METAWRAP	983
LJ	METAWRAP	906
LJ	METAWRAP	938
LJ	METAWRAP	939
LJ	METAWRAP	971
LJ	METAWRAP	970
LJ	METAWRAP	985
LJ	METAWRAP	967
LJ	METAWRAP	951
LJ	METAWRAP	990
LJ	METAWRAP	1000
LJ	METAWRAP	951
LJ	METAWRAP	944
LJ	METAWRAP	985
LJ	METAWRAP	951
LJ	METAWRAP	958
LJ	METAWRAP	912
LJ	METAWRAP	949
LJ	METAWRAP	961
LJ	METAWRAP	928
LJ	METAWRAP	998
LJ	METAWRAP	867
LJ	METAWRAP	999
LJ	METAWRAP	1012
LJ	METAWRAP	908
LJ	METAWRAP	960
LJ	METAWRAP	945
LJ	METAWRAP	1010
LJ	METAWRAP	907
LJ	METAWRAP	925
LM	CONCOCT	1112
LM	CONCOCT	1128
LM	CONCOCT	1112
LM	CONCOCT	1095
LM	CONCOCT	1099
LM	CONCOCT	1138
LM	CONCOCT	1154
LM	CONCOCT	1150
LM	CONCOCT	1148
LM	CONCOCT	1121
LM	CONCOCT	1067
LM	CONCOCT	1179
LM	CONCOCT	1126
LM	CONCOCT	1171
LM	CONCOCT	1106
LM	CONCOCT	1095
LM	CONCOCT	1110
LM	CONCOCT	1124
LM	CONCOCT	1123
LM	CONCOCT	1140
LM	CONCOCT	1103
LM	CONCOCT	1148
LM	CONCOCT	1154
LM	CONCOCT	1142
LM	CONCOCT	1140
LM	CONCOCT	1124
LM	CONCOCT	1113
LM	CONCOCT	1120
LM	CONCOCT	1101
LM	CONCOCT	1121
LM	CONCOCT	1130
LM	CONCOCT	1138
LM	CONCOCT	1129
LM	CONCOCT	1176
LM	CONCOCT	1131
LM	CONCOCT	1137
LM	CONCOCT	1151
LM	CONCOCT	1128
LM	CONCOCT	1137
LM	CONCOCT	1160
LM	CONCOCT	1151
LM	CONCOCT	1084
LM	CONCOCT	1158
LM	CONCOCT	1095
LM	CONCOCT	1145
LM	CONCOCT	1135
LM	CONCOCT	1088
LM	CONCOCT	1054
LM	CONCOCT	1130
LM	CONCOCT	1159
LM	CONCOCT	1116
LM	CONCOCT	1113
LM	CONCOCT	1161
LM	CONCOCT	1124
LM	CONCOCT	1152
LM	CONCOCT	1147
LM	CONCOCT	1134
LM	CONCOCT	1159
LM	CONCOCT	1124
LM	CONCOCT	1162
LM	CONCOCT	1113
LM	CONCOCT	1118
LM	CONCOCT	1094
LM	CONCOCT	1163
LM	CONCOCT	1123
LM	CONCOCT	1191
LM	CONCOCT	1159
LM	CONCOCT	1109
LM	CONCOCT	1141
LM	CONCOCT	1119
LM	CONCOCT	1124
LM	CONCOCT	1142
LM	CONCOCT	1154
LM	CONCOCT	1177
LM	CONCOCT	1122
LM	CONCOCT	1125
LM	CONCOCT	1109
LM	CONCOCT	1127
LM	CONCOCT	1173
LM	CONCOCT	1117
LM	CONCOCT	1145
LM	CONCOCT	1137
LM	CONCOCT	1125
LM	CONCOCT	1132
LM	CONCOCT	1110
LM	CONCOCT	1139
LM	CONCOCT	1114
LM	CONCOCT	1100
LM	CONCOCT	1131
LM	CONCOCT	1132
LM	CONCOCT	1130
LM	CONCOCT	1133
LM	CONCOCT	1137
LM	CONCOCT	1091
LM	CONCOCT	1181
LM	CONCOCT	1166
LM	CONCOCT	1156
LM	CONCOCT	1130
LM	CONCOCT	1145
LM	CONCOCT	1095
LM	MAXBIN2	1130
LM	MAXBIN2	1142
LM	MAXBIN2	1098
LM	MAXBIN2	1154
LM	MAXBIN2	1173
LM	MAXBIN2	1123
LM	MAXBIN2	1162
LM	MAXBIN2	1142
LM	MAXBIN2	1124
LM	MAXBIN2	1202
LM	MAXBIN2	1143
LM	MAXBIN2	1126
LM	MAXBIN2	1127
LM	MAXBIN2	1120
LM	MAXBIN2	1130
LM	MAXBIN2	1136
LM	MAXBIN2	1146
LM	MAXBIN2	1119
LM	MAXBIN2	1131
LM	MAXBIN2	1140
LM	MAXBIN2	1121
LM	MAXBIN2	1185
LM	MAXBIN2	1132
LM	MAXBIN2	1149
LM	MAXBIN2	1161
LM	MAXBIN2	1162
LM	MAXBIN2	1122
LM	MAXBIN2	1127
LM	MAXBIN2	1127
LM	MAXBIN2	1158
LM	MAXBIN2	1150
LM	MAXBIN2	1138
LM	MAXBIN2	1090
LM	MAXBIN2	1121
LM	MAXBIN2	1170
LM	MAXBIN2	1119
LM	MAXBIN2	1152
LM	MAXBIN2	1131
LM	MAXBIN2	1159
LM	MAXBIN2	1147
LM	MAXBIN2	1119
LM	MAXBIN2	1103
LM	MAXBIN2	1138
LM	MAXBIN2	1114
LM	MAXBIN2	1147
LM	MAXBIN2	1154
LM	MAXBIN2	1113
LM	MAXBIN2	1145
LM	MAXBIN2	1135
LM	MAXBIN2	1128
LM	MAXBIN2	1117
LM	MAXBIN2	1121
LM	MAXBIN2	1115
LM	MAXBIN2	1117
LM	MAXBIN2	1160
LM	MAXBIN2	1121
LM	MAXBIN2	1132
LM	MAXBIN2	1129
LM	MAXBIN2	1151
LM	MAXBIN2	1182
LM	MAXBIN2	1145
LM	MAXBIN2	1157
LM	MAXBIN2	1121
LM	MAXBIN2	1138
LM	MAXBIN2	1134
LM	MAXBIN2	1091
LM	MAXBIN2	1105
LM	MAXBIN2	1136
LM	MAXBIN2	1133
LM	MAXBIN2	1131
LM	MAXBIN2	1135
LM	MAXBIN2	1128
LM	MAXBIN2	1127
LM	MAXBIN2	1105
LM	MAXBIN2	1146
LM	MAXBIN2	1117
LM	MAXBIN2	1158
LM	MAXBIN2	1139
LM	MAXBIN2	1103
LM	MAXBIN2	1147
LM	MAXBIN2	1103
LM	MAXBIN2	1137
LM	MAXBIN2	1120
LM	MAXBIN2	1113
LM	MAXBIN2	1128
LM	MAXBIN2	1181
LM	MAXBIN2	1138
LM	MAXBIN2	1146
LM	MAXBIN2	1107
LM	MAXBIN2	1145
LM	MAXBIN2	1168
LM	MAXBIN2	1098
LM	MAXBIN2	1095
LM	MAXBIN2	1131
LM	MAXBIN2	1128
LM	MAXBIN2	1102
LM	MAXBIN2	1158
LM	MAXBIN2	1131
LM	MAXBIN2	1173
LM	MAXBIN2	1133
LM	METABAT2	522
LM	METABAT2	558
LM	METABAT2	518
LM	METABAT2	528
LM	METABAT2	526
LM	METABAT2	578
LM	METABAT2	559
LM	METABAT2	576
LM	METABAT2	555
LM	METABAT2	536
LM	METABAT2	532
LM	METABAT2	527
LM	METABAT2	577
LM	METABAT2	526
LM	METABAT2	549
LM	METABAT2	563
LM	METABAT2	560
LM	METABAT2	521
LM	METABAT2	543
LM	METABAT2	552
LM	METABAT2	556
LM	METABAT2	536
LM	METABAT2	520
LM	METABAT2	552
LM	METABAT2	563
LM	METABAT2	618
LM	METABAT2	540
LM	METABAT2	537
LM	METABAT2	576
LM	METABAT2	545
LM	METABAT2	543
LM	METABAT2	558
LM	METABAT2	561
LM	METABAT2	545
LM	METABAT2	539
LM	METABAT2	557
LM	METABAT2	576
LM	METABAT2	538
LM	METABAT2	536
LM	METABAT2	533
LM	METABAT2	562
LM	METABAT2	549
LM	METABAT2	567
LM	METABAT2	533
LM	METABAT2	552
LM	METABAT2	542
LM	METABAT2	590
LM	METABAT2	509
LM	METABAT2	556
LM	METABAT2	513
LM	METABAT2	542
LM	METABAT2	543
LM	METABAT2	514
LM	METABAT2	550
LM	METABAT2	523
LM	METABAT2	571
LM	METABAT2	545
LM	METABAT2	524
LM	METABAT2	530
LM	METABAT2	570
LM	METABAT2	532
LM	METABAT2	546
LM	METABAT2	554
LM	METABAT2	536
LM	METABAT2	543
LM	METABAT2	586
LM	METABAT2	520
LM	METABAT2	536
LM	METABAT2	543
LM	METABAT2	570
LM	METABAT2	533
LM	METABAT2	544
LM	METABAT2	528
LM	METABAT2	544
LM	METABAT2	553
LM	METABAT2	520
LM	METABAT2	549
LM	METABAT2	538
LM	METABAT2	529
LM	METABAT2	585
LM	METABAT2	521
LM	METABAT2	523
LM	METABAT2	591
LM	METABAT2	524
LM	METABAT2	573
LM	METABAT2	539
LM	METABAT2	540
LM	METABAT2	513
LM	METABAT2	534
LM	METABAT2	548
LM	METABAT2	555
LM	METABAT2	554
LM	METABAT2	521
LM	METABAT2	550
LM	METABAT2	569
LM	METABAT2	533
LM	METABAT2	573
LM	METABAT2	548
LM	METABAT2	559
LM	METABAT2	537
LM	METAWRAP	1063
LM	METAWRAP	1099
LM	METAWRAP	1087
LM	METAWRAP	1072
LM	METAWRAP	1073
LM	METAWRAP	1096
LM	METAWRAP	1096
LM	METAWRAP	1115
LM	METAWRAP	1116
LM	METAWRAP	1076
LM	METAWRAP	1137
LM	METAWRAP	1131
LM	METAWRAP	1066
LM	METAWRAP	1084
LM	METAWRAP	1076
LM	METAWRAP	1141
LM	METAWRAP	1093
LM	METAWRAP	1095
LM	METAWRAP	1128
LM	METAWRAP	1140
LM	METAWRAP	1131
LM	METAWRAP	1112
LM	METAWRAP	1090
LM	METAWRAP	1108
LM	METAWRAP	1135
LM	METAWRAP	1111
LM	METAWRAP	1139
LM	METAWRAP	1114
LM	METAWRAP	1084
LM	METAWRAP	1162
LM	METAWRAP	1106
LM	METAWRAP	1087
LM	METAWRAP	1110
LM	METAWRAP	1099
LM	METAWRAP	1127
LM	METAWRAP	1124
LM	METAWRAP	1098
LM	METAWRAP	1112
LM	METAWRAP	1090
LM	METAWRAP	1128
LM	METAWRAP	1119
LM	METAWRAP	1085
LM	METAWRAP	1115
LM	METAWRAP	1100
LM	METAWRAP	1122
LM	METAWRAP	1083
LM	METAWRAP	1086
LM	METAWRAP	1122
LM	METAWRAP	1049
LM	METAWRAP	1118
LM	METAWRAP	1073
LM	METAWRAP	1139
LM	METAWRAP	1100
LM	METAWRAP	1092
LM	METAWRAP	1051
LM	METAWRAP	1125
LM	METAWRAP	1117
LM	METAWRAP	1137
LM	METAWRAP	1124
LM	METAWRAP	1112
LM	METAWRAP	1127
LM	METAWRAP	1131
LM	METAWRAP	1114
LM	METAWRAP	1133
LM	METAWRAP	1103
LM	METAWRAP	1114
LM	METAWRAP	1081
LM	METAWRAP	1122
LM	METAWRAP	1105
LM	METAWRAP	1099
LM	METAWRAP	1148
LM	METAWRAP	1062
LM	METAWRAP	1121
LM	METAWRAP	1107
LM	METAWRAP	1161
LM	METAWRAP	1083
LM	METAWRAP	1084
LM	METAWRAP	1083
LM	METAWRAP	1118
LM	METAWRAP	1125
LM	METAWRAP	1108
LM	METAWRAP	1094
LM	METAWRAP	1082
LM	METAWRAP	1106
LM	METAWRAP	1130
LM	METAWRAP	1142
LM	METAWRAP	1126
LM	METAWRAP	1072
LM	METAWRAP	1046
LM	METAWRAP	1071
LM	METAWRAP	1140
LM	METAWRAP	1091
LM	METAWRAP	1116
LM	METAWRAP	1104
LM	METAWRAP	1071
LM	METAWRAP	1133
LM	METAWRAP	1122
LM	METAWRAP	1134
LM	METAWRAP	1119
LM	METAWRAP	1088
