﻿Lane,Butyrate,Acetate,Species,Gene,Host
24141_1#42,12.263,87.978,s__UBA3282 MGBC103686,PTB_BUK,Mouse
24141_1#42,10.602,80.953,s__UBA3282 MGBC103686,PTB_BUK,Mouse
24141_1#42,10.618,88.306,s__UBA3282 MGBC103686,PTB_BUK,Mouse
24141_1#40,0.159,85.008,s__Kineothrix sp000403275,PTB_BUK,Mouse
24141_1#40,0.171,82.726,s__Kineothrix sp000403275,PTB_BUK,Mouse
24141_1#40,0.267,70.606,s__Kineothrix sp000403275,PTB_BUK,Mouse
24141_1#58,9.829,94.786,s__COE1 sp000403335,PTB_BUK,Mouse
24141_1#58,11.384,92.869,s__COE1 sp000403335,PTB_BUK,Mouse
24141_1#58,12.665,74.957,s__COE1 sp000403335,PTB_BUK,Mouse
21999_2#44,14.128,70.588,s__Eubacterium_F MGBC164771,BCOAT,Mouse
21999_2#44,17.894,58.85,s__Eubacterium_F MGBC164771,BCOAT,Mouse
21999_2#44,23.609,51.916,s__Eubacterium_F MGBC164771,BCOAT,Mouse
24141_1#19,27.379,57.396,s__Eubacterium_J MGBC130483,BCOAT,Mouse
24141_1#19,21.579,56.936,s__Eubacterium_J MGBC130483,BCOAT,Mouse
24141_1#19,25.701,48.831,s__Eubacterium_J MGBC130483,BCOAT,Mouse
24141_1#64,22.522,60.18,s__14-2 MGBC000170,BCOAT,Mouse
24141_1#64,30.919,48.948,s__14-2 MGBC000170,BCOAT,Mouse
24141_1#64,30.251,51.786,s__14-2 MGBC000170,BCOAT,Mouse
24141_1#26,0.101,120.266,s__Lachnospiraceae_NOV MGBC000113,None,Mouse
24141_1#26,0.07,120.423,s__Lachnospiraceae_NOV MGBC000113,None,Mouse
24141_1#26,0.052,112.342,s__Lachnospiraceae_NOV MGBC000113,None,Mouse
Coprococcus eutactus_A,17.579,77.027,Coprococcus eutactus_A,PTB_BUK,Human
Coprococcus eutactus_A,15.428,91.671,Coprococcus eutactus_A,PTB_BUK,Human
Coprococcus eutactus_A,13.687,97.953,Coprococcus eutactus_A,PTB_BUK,Human
Agathobacter rectalis,25.166,63.666,Agathobacter rectalis,BCOAT,Human
Agathobacter rectalis,24.355,55.8,Agathobacter rectalis,BCOAT,Human
Agathobacter rectalis,22.509,68.136,Agathobacter rectalis,BCOAT,Human
Media control,0.074,70.931,Media,None,Media
Media control,0.069,73.283,Media,None,Media
Media control,0.085,87.088,Media,None,Media
Media control,NA,91.242,Media,None,Media
Media control,NA,79.229,Media,None,Media
Media control,NA,88.042,Media,None,Media