MGBC000001	d__Bacteria	p__Firmicutes_A	c__Clostridia	o__Lachnospirales	f__Lachnospiraceae	g__Schaedlerella	s__Schaedlerella MGBC000001
MGBC000003	d__Bacteria	p__Firmicutes_A	c__Clostridia	o__Lachnospirales	f__Lachnospiraceae	g__Schaedlerella	s__Schaedlerella MGBC000003
MGBC000011	d__Bacteria	p__Bacteroidota	c__Bacteroidia	o__Bacteroidales	f__Bacteroidaceae	g__Bacteroides	s__Bacteroides acidifaciens
MGBC000013	d__Bacteria	p__Firmicutes	c__Bacilli	o__Lactobacillales	f__Lactobacillaceae	g__Lactobacillus	s__Lactobacillus intestinalis
MGBC000018	d__Bacteria	p__Proteobacteria	c__Gammaproteobacteria	o__Enterobacterales	f__Enterobacteriaceae	g__Proteus	s__Proteus mirabilis
MGBC000019	d__Bacteria	p__Proteobacteria	c__Gammaproteobacteria	o__Enterobacterales	f__Enterobacteriaceae	g__Klebsiella	s__Klebsiella pneumoniae
MGBC000020	d__Bacteria	p__Proteobacteria	c__Gammaproteobacteria	o__Enterobacterales	f__Enterobacteriaceae	g__Citrobacter_A	s__Citrobacter_A rodentium
MGBC000029	d__Bacteria	p__Firmicutes_A	c__Clostridia	o__Lachnospirales	f__Lachnospiraceae	g__Anaerostipes	s__Anaerostipes sp000508985
MGBC000037	d__Bacteria	p__Proteobacteria	c__Gammaproteobacteria	o__Enterobacterales	f__Enterobacteriaceae	g__Escherichia	s__Escherichia coli
MGBC000041	d__Bacteria	p__Firmicutes_A	c__Clostridia	o__Lachnospirales	f__Lachnospiraceae	g__Dorea	s__Dorea MGBC000041
MGBC000042	d__Bacteria	p__Firmicutes_A	c__Clostridia	o__Peptostreptococcales	f__Anaerovoracaceae	g__Emergencia	s__Emergencia MGBC000042
MGBC000050	d__Bacteria	p__Bacteroidota	c__Bacteroidia	o__Bacteroidales	f__Rikenellaceae	g__Alistipes	s__Alistipes timonensis
MGBC000078	d__Bacteria	p__Firmicutes_A	c__Clostridia	o__Lachnospirales	f__Lachnospiraceae	g__Lachnospiraceae_NOV	s__Lachnospiraceae_NOV MGBC000078
MGBC000080	d__Bacteria	p__Firmicutes_A	c__Clostridia	o__Lachnospirales	f__Lachnospiraceae	g__Hungatella_A	s__Hungatella_A MGBC000080
MGBC000081	d__Bacteria	p__Firmicutes	c__Bacilli	o__Staphylococcales	f__Staphylococcaceae	g__Staphylococcus	s__Staphylococcus nepalensis
MGBC000083	d__Bacteria	p__Firmicutes_A	c__Clostridia	o__Lachnospirales	f__Lachnospiraceae	g__Dorea	s__Dorea MGBC000083
MGBC000089	d__Bacteria	p__Firmicutes_A	c__Clostridia	o__Lachnospirales	f__Lachnospiraceae	g__Dorea	s__Dorea MGBC000089
MGBC000100	d__Bacteria	p__Firmicutes_A	c__Clostridia	o__Oscillospirales	f__Ruminococcaceae	g__Anaerotruncus	s__Anaerotruncus MGBC000100
MGBC000110	d__Bacteria	p__Firmicutes_A	c__Clostridia	o__Oscillospirales	f__Ruminococcaceae	g__Anaerotruncus	s__Anaerotruncus sp003612625
MGBC000111	d__Bacteria	p__Firmicutes_A	c__Clostridia	o__Lachnospirales	f__Lachnospiraceae	g__Dorea	s__Dorea MGBC000111
MGBC000112	d__Bacteria	p__Firmicutes_A	c__Clostridia	o__Lachnospirales	f__Lachnospiraceae	g__Eubacterium_F	s__Eubacterium_F MGBC000112
MGBC000113	d__Bacteria	p__Firmicutes_A	c__Clostridia	o__Lachnospirales	f__Lachnospiraceae	g__Lachnospiraceae_NOV	s__Lachnospiraceae_NOV MGBC000113
MGBC000116	d__Bacteria	p__Firmicutes_A	c__Clostridia	o__Lachnospirales	f__Lachnospiraceae	g__UBA7182	s__UBA7182 MGBC000116
MGBC000118	d__Bacteria	p__Firmicutes_A	c__Clostridia	o__Lachnospirales	f__Lachnospiraceae	g__14-2	s__14-2 MGBC000118
MGBC000120	d__Bacteria	p__Firmicutes_A	c__Clostridia	o__Oscillospirales	f__Acutalibacteraceae	g__Acutalibacter	s__Acutalibacter MGBC000120
MGBC000134	d__Bacteria	p__Actinobacteriota	c__Coriobacteriia	o__Coriobacteriales	f__Eggerthellaceae	g__D16-34	s__D16-34 MGBC000134
MGBC000135	d__Bacteria	p__Firmicutes_A	c__Clostridia	o__Oscillospirales	f__Oscillospiraceae	g__Lawsonibacter	s__Lawsonibacter MGBC000135
MGBC000137	d__Bacteria	p__Firmicutes_A	c__Clostridia	o__Lachnospirales	f__Lachnospiraceae	g__Dorea	s__Dorea MGBC000137
MGBC000139	d__Bacteria	p__Firmicutes	c__Bacilli	o__Staphylococcales	f__Staphylococcaceae	g__Staphylococcus	s__Staphylococcus warneri
MGBC000141	d__Bacteria	p__Firmicutes_A	c__Clostridia	o__Lachnospirales	f__Lachnospiraceae	g__Eubacterium_G	s__Eubacterium_G MGBC000141
MGBC000146	d__Bacteria	p__Firmicutes_A	c__Clostridia	o__Oscillospirales	f__Oscillospiraceae	g__UBA9475	s__UBA9475 MGBC000146
MGBC000147	d__Bacteria	p__Firmicutes	c__Bacilli	o__Erysipelotrichales	f__Erysipelotrichaceae	g__Erysipelotrichaceae_NOV	s__Erysipelotrichaceae_NOV MGBC000147
MGBC000151	d__Bacteria	p__Firmicutes_A	c__Clostridia	o__Oscillospirales	f__Oscillospiraceae	g__Oscillibacter	s__Oscillibacter MGBC000151
MGBC000153	d__Bacteria	p__Firmicutes_A	c__Clostridia	o__Oscillospirales	f__Oscillospiraceae	g__Oscillibacter	s__Oscillibacter MGBC000153
MGBC000158	d__Bacteria	p__Firmicutes_A	c__Clostridia	o__Lachnospirales	f__Lachnospiraceae	g__Dorea	s__Dorea MGBC000158
MGBC000161	d__Bacteria	p__Desulfobacterota	c__Desulfovibrionia	o__Desulfovibrionales	f__Desulfovibrionaceae	g__Desulfovibrio	s__Desulfovibrio MGBC000161
MGBC000170	d__Bacteria	p__Firmicutes_A	c__Clostridia	o__Lachnospirales	f__Lachnospiraceae	g__14-2	s__14-2 MGBC000170
MGBC000171	d__Bacteria	p__Firmicutes_A	c__Clostridia	o__Lachnospirales	f__Lachnospiraceae	g__Lachnospiraceae_NOV	s__Lachnospiraceae_NOV MGBC000171
MGBC000172	d__Bacteria	p__Firmicutes	c__Bacilli	o__Lactobacillales	f__Streptococcaceae	g__Streptococcus	s__Streptococcus oralis
MGBC000176	d__Bacteria	p__Firmicutes_A	c__Clostridia	o__Lachnospirales	f__Lachnospiraceae	g__CAG-81	s__CAG-81 MGBC000176
MGBC000178	d__Bacteria	p__Firmicutes_A	c__Clostridia	o__Peptostreptococcales	f__Anaerovoracaceae	g__Anaerovoracaceae_NOV	s__Anaerovoracaceae_NOV MGBC000178
MGBC000183	d__Bacteria	p__Actinobacteriota	c__Coriobacteriia	o__Coriobacteriales	f__Eggerthellaceae	g__Adlercreutzia	s__Adlercreutzia sp004793465
MGBC000190	d__Bacteria	p__Actinobacteriota	c__Coriobacteriia	o__Coriobacteriales	f__Atopobiaceae	g__NM07-P-09	s__NM07-P-09 sp004793665
MGBC000199	d__Bacteria	p__Firmicutes	c__Bacilli	o__Bacillales	f__Bacillaceae_A	g__Bacillus_AC	s__Bacillus_AC sp001076885
MGBC000200	d__Bacteria	p__Firmicutes_A	c__Clostridia	o__Lachnospirales	f__Lachnospiraceae	g__Lachnospiraceae_NOV	s__Lachnospiraceae_NOV MGBC000200
MGBC000203	d__Bacteria	p__Firmicutes	c__Bacilli	o__Bacillales	f__Bacillaceae	g__Bacillus	s__Bacillus licheniformis
MGBC000210	d__Bacteria	p__Firmicutes_A	c__Clostridia	o__Lachnospirales	f__Lachnospiraceae	g__TF01-11	s__TF01-11 MGBC000210
MGBC000217	d__Bacteria	p__Actinobacteriota	c__Coriobacteriia	o__Coriobacteriales	f__Eggerthellaceae	g__Parvibacter	s__Parvibacter caecicola
MGBC000218	d__Bacteria	p__Firmicutes	c__Bacilli	o__Staphylococcales	f__Staphylococcaceae	g__Staphylococcus	s__Staphylococcus pasteuri_A
MGBC000219	d__Bacteria	p__Firmicutes_A	c__Clostridia	o__Lachnospirales	f__Lachnospiraceae	g__Acetatifactor	s__Acetatifactor MGBC000219
MGBC000220	d__Bacteria	p__Actinobacteriota	c__Coriobacteriia	o__Coriobacteriales	f__Eggerthellaceae	g__Parvibacter	s__Parvibacter MGBC000220
MGBC000224	d__Bacteria	p__Firmicutes	c__Bacilli	o__Staphylococcales	f__Staphylococcaceae	g__Staphylococcus	s__Staphylococcus epidermidis
MGBC000227	d__Bacteria	p__Firmicutes_A	c__Clostridia	o__Peptostreptococcales	f__Anaerovoracaceae	g__Anaerovoracaceae_NOV	s__Anaerovoracaceae_NOV MGBC000227
MGBC000234	d__Bacteria	p__Firmicutes	c__Bacilli	o__Lactobacillales	f__Aerococcaceae	g__Granulicatella	s__Granulicatella adiacens
MGBC000243	d__Bacteria	p__Firmicutes_A	c__Clostridia	o__Oscillospirales	f__Acutalibacteraceae	g__Acutalibacter	s__Acutalibacter MGBC000243
MGBC000251	d__Bacteria	p__Firmicutes_A	c__Clostridia	o__Lachnospirales	f__Lachnospiraceae	g__Enterocloster	s__Enterocloster aldenensis
MGBC000269	d__Bacteria	p__Firmicutes_A	c__Clostridia	o__Lachnospirales	f__Lachnospiraceae	g__Lachnospiraceae_NOV	s__Lachnospiraceae_NOV MGBC000269
MGBC000275	d__Bacteria	p__Firmicutes_A	c__Clostridia	o__Lachnospirales	f__Lachnospiraceae	g__14-2	s__14-2 MGBC000275
MGBC000287	d__Bacteria	p__Actinobacteriota	c__Actinomycetia	o__Propionibacteriales	f__Propionibacteriaceae	g__Cutibacterium	s__Cutibacterium acnes
MGBC000320	d__Bacteria	p__Firmicutes_A	c__Clostridia	o__Lachnospirales	f__Lachnospiraceae	g__Schaedlerella	s__Schaedlerella sp000364245
MGBC000328	d__Bacteria	p__Bacteroidota	c__Bacteroidia	o__Bacteroidales	f__Bacteroidaceae	g__Phocaeicola	s__Phocaeicola vulgatus
MGBC000334	d__Bacteria	p__Actinobacteriota	c__Coriobacteriia	o__Coriobacteriales	f__Eggerthellaceae	g__Adlercreutzia	s__Adlercreutzia caecimuris
MGBC000338	d__Bacteria	p__Firmicutes_A	c__Clostridia	o__Oscillospirales	f__Oscillospiraceae	g__Oscillibacter	s__Oscillibacter sp000403435
MGBC000348	d__Bacteria	p__Firmicutes	c__Bacilli	o__Erysipelotrichales	f__Erysipelotrichaceae	g__Faecalibaculum	s__Faecalibaculum rodentium
MGBC000357	d__Bacteria	p__Proteobacteria	c__Gammaproteobacteria	o__Burkholderiales	f__Burkholderiaceae	g__Turicimonas	s__Turicimonas muris
MGBC000359	d__Bacteria	p__Firmicutes	c__Bacilli	o__Lactobacillales	f__Enterococcaceae	g__Enterococcus	s__Enterococcus faecalis
MGBC000375	d__Bacteria	p__Firmicutes_A	c__Clostridia	o__Oscillospirales	f__Acutalibacteraceae	g__Acutalibacter	s__Acutalibacter muris
MGBC000377	d__Bacteria	p__Bacteroidota	c__Bacteroidia	o__Bacteroidales	f__Muribaculaceae	g__Muribaculum	s__Muribaculum intestinale
MGBC000384	d__Bacteria	p__Firmicutes	c__Bacilli	o__Lactobacillales	f__Lactobacillaceae	g__Limosilactobacillus	s__Limosilactobacillus reuteri
MGBC000395	d__Bacteria	p__Firmicutes_A	c__Clostridia	o__Lachnospirales	f__Lachnospiraceae	g__CAG-56	s__CAG-56 sp004793585
MGBC000431	d__Bacteria	p__Firmicutes	c__Bacilli	o__Lactobacillales	f__Streptococcaceae	g__Streptococcus	s__Streptococcus MGBC000431
MGBC000441	d__Bacteria	p__Firmicutes_A	c__Clostridia	o__Lachnospirales	f__Lachnospiraceae	g__UBA9502	s__UBA9502 sp003611875
MGBC000489	d__Bacteria	p__Firmicutes_A	c__Clostridia	o__Lachnospirales	f__Lachnospiraceae	g__UBA9502	s__UBA9502 MGBC000489
MGBC000574	d__Bacteria	p__Firmicutes	c__Bacilli	o__Staphylococcales	f__Staphylococcaceae	g__Staphylococcus	s__Staphylococcus xylosus
MGBC101821	d__Bacteria	p__Firmicutes_A	c__Clostridia	o__Lachnospirales	f__Lachnospiraceae	g__Kineothrix	s__Kineothrix sp000403275
MGBC101916	d__Bacteria	p__Firmicutes_A	c__Clostridia	o__Oscillospirales	f__Acutalibacteraceae	g__Acutalibacter	s__Acutalibacter MGBC101916
MGBC102897	d__Bacteria	p__Firmicutes_A	c__Clostridia	o__Lachnospirales	f__Lachnospiraceae	g__Lachnospiraceae_NOV	s__Lachnospiraceae_NOV MGBC102897
MGBC103140	d__Bacteria	p__Firmicutes_A	c__Clostridia	o__Lachnospirales	f__Lachnospiraceae	g__Blautia	s__Blautia coccoides_A
MGBC103503	d__Bacteria	p__Firmicutes	c__Bacilli	o__Lactobacillales	f__Enterococcaceae	g__Enterococcus_D	s__Enterococcus_D gallinarum
MGBC103686	d__Bacteria	p__Firmicutes_A	c__Clostridia	o__Lachnospirales	f__Lachnospiraceae	g__UBA3282	s__UBA3282 MGBC103686
MGBC104191	d__Bacteria	p__Firmicutes_A	c__Clostridia	o__Oscillospirales	f__Oscillospiraceae	g__Oscillibacter	s__Oscillibacter MGBC104191
MGBC104650	d__Bacteria	p__Bacteroidota	c__Bacteroidia	o__Bacteroidales	f__Muribaculaceae	g__Muribaculum	s__Muribaculum sp002473395
MGBC104726	d__Bacteria	p__Bacteroidota	c__Bacteroidia	o__Bacteroidales	f__Rikenellaceae	g__Alistipes	s__Alistipes MGBC104726
MGBC105132	d__Bacteria	p__Firmicutes_A	c__Clostridia	o__Lachnospirales	f__Lachnospiraceae	g__UBA7182	s__UBA7182 MGBC105132
MGBC105165	d__Bacteria	p__Bacteroidota	c__Bacteroidia	o__Bacteroidales	f__Tannerellaceae	g__Parabacteroides	s__Parabacteroides goldsteinii
MGBC105519	d__Bacteria	p__Firmicutes_A	c__Clostridia	o__Lachnospirales	f__Lachnospiraceae	g__UBA9502	s__UBA9502 MGBC105519
MGBC105541	d__Bacteria	p__Firmicutes_A	c__Clostridia	o__Lachnospirales	f__Lachnospiraceae	g__UBA3282	s__UBA3282 sp003611805
MGBC105567	d__Bacteria	p__Firmicutes	c__Bacilli	o__Lactobacillales	f__Lactobacillaceae	g__Ligilactobacillus	s__Ligilactobacillus murinus
MGBC106688	d__Bacteria	p__Firmicutes_A	c__Clostridia	o__Lachnospirales	f__Lachnospiraceae	g__COE1	s__COE1 sp000403335
MGBC106896	d__Bacteria	p__Firmicutes_A	c__Clostridia	o__Lachnospirales	f__Lachnospiraceae	g__UBA7182	s__UBA7182 MGBC106896
MGBC109852	d__Bacteria	p__Bacteroidota	c__Bacteroidia	o__Bacteroidales	f__Muribaculaceae	g__CAG-485	s__CAG-485 sp002493045
MGBC111853	d__Bacteria	p__Bacteroidota	c__Bacteroidia	o__Bacteroidales	f__Muribaculaceae	g__CAG-485	s__CAG-485 sp002361215
MGBC112607	d__Bacteria	p__Bacteroidota	c__Bacteroidia	o__Bacteroidales	f__Muribaculaceae	g__Duncaniella	s__Duncaniella muris
MGBC113583	d__Bacteria	p__Firmicutes_A	c__Clostridia	o__Oscillospirales	f__Ruminococcaceae	g__Anaerotruncus	s__Anaerotruncus sp000403395
MGBC115029	d__Bacteria	p__Firmicutes_A	c__Clostridia	o__Lachnospirales	f__Lachnospiraceae	g__Dorea	s__Dorea MGBC115029
MGBC115827	d__Bacteria	p__Bacteroidota	c__Bacteroidia	o__Bacteroidales	f__Tannerellaceae	g__Parabacteroides	s__Parabacteroides distasonis
MGBC116392	d__Bacteria	p__Firmicutes_A	c__Clostridia	o__Lachnospirales	f__Lachnospiraceae	g__Dorea	s__Dorea MGBC116392
MGBC116472	d__Bacteria	p__Bacteroidota	c__Bacteroidia	o__Bacteroidales	f__Rikenellaceae	g__Alistipes	s__Alistipes sp002362235
MGBC116812	d__Bacteria	p__Actinobacteriota	c__Actinomycetia	o__Actinomycetales	f__Bifidobacteriaceae	g__Bifidobacterium	s__Bifidobacterium animalis
MGBC117094	d__Bacteria	p__Firmicutes_A	c__Clostridia	o__Lachnospirales	f__Lachnospiraceae	g__Dorea	s__Dorea MGBC117094
MGBC118027	d__Bacteria	p__Firmicutes_A	c__Clostridia	o__Lachnospirales	f__Lachnospiraceae	g__CAG-81	s__CAG-81 MGBC118027
MGBC120535	d__Bacteria	p__Bacteroidota	c__Bacteroidia	o__Bacteroidales	f__Muribaculaceae	g__Duncaniella	s__Duncaniella sp001689575
MGBC128351	d__Bacteria	p__Firmicutes	c__Bacilli	o__Lactobacillales	f__Lactobacillaceae	g__Lactobacillus	s__Lactobacillus johnsonii
MGBC129157	d__Bacteria	p__Bacteroidota	c__Bacteroidia	o__Bacteroidales	f__Muribaculaceae	g__CAG-485	s__CAG-485 sp002362485
MGBC129764	d__Bacteria	p__Firmicutes_A	c__Clostridia	o__Lachnospirales	f__Lachnospiraceae	g__Dorea	s__Dorea MGBC129764
MGBC129998	d__Bacteria	p__Firmicutes_A	c__Clostridia	o__Lachnospirales	f__Lachnospiraceae	g__1XD42-69	s__1XD42-69 MGBC129998
MGBC130483	d__Bacteria	p__Firmicutes_A	c__Clostridia	o__Lachnospirales	f__Lachnospiraceae	g__Eubacterium_J	s__Eubacterium_J MGBC130483
MGBC131161	d__Bacteria	p__Firmicutes_A	c__Clostridia	o__Lachnospirales	f__Lachnospiraceae	g__Lachnospiraceae_NOV	s__Lachnospiraceae_NOV MGBC131161
MGBC132356	d__Bacteria	p__Firmicutes_A	c__Clostridia	o__Lachnospirales	f__Lachnospiraceae	g__14-2	s__14-2 MGBC132356
MGBC134540	d__Bacteria	p__Proteobacteria	c__Gammaproteobacteria	o__Burkholderiales	f__Burkholderiaceae	g__Parasutterella	s__Parasutterella MGBC134540
MGBC135302	d__Bacteria	p__Firmicutes_A	c__Clostridia	o__Lachnospirales	f__Lachnospiraceae	g__1XD8-76	s__1XD8-76 MGBC135302
MGBC135575	d__Bacteria	p__Bacteroidota	c__Bacteroidia	o__Bacteroidales	f__Bacteroidaceae	g__Bacteroides	s__Bacteroides sp002491635
MGBC136599	d__Bacteria	p__Firmicutes_A	c__Clostridia	o__Lachnospirales	f__Lachnospiraceae	g__Enterocloster	s__Enterocloster clostridioformis
MGBC136833	d__Bacteria	p__Firmicutes_A	c__Clostridia	o__Lachnospirales	f__Anaerotignaceae	g__Anaerotignum	s__Anaerotignum MGBC136833
MGBC142035	d__Bacteria	p__Firmicutes_A	c__Clostridia	o__Lachnospirales	f__Lachnospiraceae	g__Hungatella_A	s__Hungatella_A MGBC142035
MGBC143931	d__Bacteria	p__Bacteroidota	c__Bacteroidia	o__Bacteroidales	f__Muribaculaceae	g__UBA7173	s__UBA7173 sp001689685
MGBC144733	d__Bacteria	p__Bacteroidota	c__Bacteroidia	o__Bacteroidales	f__Bacteroidaceae	g__Bacteroides	s__Bacteroides caecimuris
MGBC156614	d__Bacteria	p__Firmicutes_A	c__Clostridia	o__Lachnospirales	f__Lachnospiraceae	g__UMGS1370	s__UMGS1370 MGBC156614
MGBC156629	d__Bacteria	p__Firmicutes_A	c__Clostridia	o__Lachnospirales	f__Lachnospiraceae	g__Schaedlerella	s__Schaedlerella MGBC156629
MGBC161412	d__Bacteria	p__Firmicutes_A	c__Clostridia	o__Lachnospirales	f__Lachnospiraceae	g__Clostridium_Q	s__Clostridium_Q MGBC161412
MGBC162430	d__Bacteria	p__Actinobacteriota	c__Actinomycetia	o__Actinomycetales	f__Bifidobacteriaceae	g__Bifidobacterium	s__Bifidobacterium globosum
MGBC162466	d__Bacteria	p__Bacteroidota	c__Bacteroidia	o__Bacteroidales	f__Muribaculaceae	g__Muribaculum	s__Muribaculum sp002358615
MGBC163085	d__Bacteria	p__Firmicutes_A	c__Clostridia	o__Lachnospirales	f__Lachnospiraceae	g__Lachnospiraceae_NOV	s__Lachnospiraceae_NOV MGBC163085
MGBC163421	d__Bacteria	p__Firmicutes_A	c__Clostridia	o__Lachnospirales	f__Lachnospiraceae	g__UBA2882	s__UBA2882 MGBC163421
MGBC163564	d__Bacteria	p__Firmicutes_A	c__Clostridia	o__Lachnospirales	f__Anaerotignaceae	g__ASF356	s__ASF356 MGBC163564
MGBC163752	d__Bacteria	p__Firmicutes_A	c__Clostridia	o__Lachnospirales	f__Lachnospiraceae	g__Schaedlerella	s__Schaedlerella MGBC163752
MGBC163961	d__Bacteria	p__Firmicutes	c__Bacilli	o__Erysipelotrichales	f__Erysipelotrichaceae	g__Erysipelotrichaceae_NOV	s__Erysipelotrichaceae_NOV MGBC163961
MGBC164203	d__Bacteria	p__Firmicutes_A	c__Clostridia	o__Lachnospirales	f__Lachnospiraceae	g__14-2	s__14-2 MGBC164203
MGBC164577	d__Bacteria	p__Bacteroidota	c__Bacteroidia	o__Bacteroidales	f__Muribaculaceae	g__UBA7173	s__UBA7173 MGBC164577
MGBC164771	d__Bacteria	p__Firmicutes_A	c__Clostridia	o__Lachnospirales	f__Lachnospiraceae	g__Eubacterium_F	s__Eubacterium_F MGBC164771
MGBC165187	d__Bacteria	p__Firmicutes	c__Bacilli	o__Erysipelotrichales	f__Erysipelotrichaceae	g__Erysipelotrichaceae_NOV	s__Erysipelotrichaceae_NOV MGBC165187
MGBC166864	d__Bacteria	p__Firmicutes_A	c__Clostridia	o__Lachnospirales	f__Lachnospiraceae	g__14-2	s__14-2 MGBC166864
