HUMAN_3006	mgm4537490	78.51
HUMAN_3006	mgm4538631	78.50
HUMAN_3006	mgm4538804	79.60
HUMAN_3006	mgm4538858	82.42
HUMAN_3006	mgm4538914	79.81
HUMAN_3006	mgm4539155	82.40
HUMAN_3006	mgm4539473	80.24
HUMAN_3006	mgm4539531	77.10
HUMAN_3006	mgm4539684	78.58
HUMAN_3006	mgm4539685	76.82
HUMAN_3006	mgm4539686	77.41
HUMAN_3006	mgm4539799	80.32
HUMAN_3006	mgm4539801	79.71
HUMAN_3006	mgm4539802	79.02
HUMAN_3006	mgm4539917	81.35
HUMAN_3006	mgm4539918	77.89
HUMAN_3006	mgm4539994	75.28
HUMAN_3006	mgm4539995	59.52
HUMAN_3006	mgm4539996	66.43
HUMAN_3006	mgm4539997	73.67
HUMAN_3006	mgm4539998	69.73
HUMAN_3006	mgm4540045	67.00
HUMAN_3006	mgm4540046	63.37
HUMAN_3006	mgm4540052	61.83
HUMAN_3006	mgm4540053	72.20
HUMAN_3006	mgm4540251	81.98
HUMAN_3006	mgm4540252	82.17
HUMAN_3006	mgm4541194	75.74
HUMAN_3006	mgm4548364	76.87
HUMAN_3006	mgm4674280	74.67
HUMAN_3006	mgm4674282	68.79
HUMAN_3006	mgm4674285	76.99
HUMAN_3006	mgm4674287	78.22
HUMAN_3006	mgm4674289	61.39
HUMAN_3006	mgm4674291	80.31
HUMAN_3006	mgm4674293	78.50
HUMAN_3006	mgm4674295	75.49
HUMAN_3006	mgm4674297	76.63
HUMAN_3006	mgm4674299	75.88
HUMAN_3006	mgm4674301	73.82
HUMAN_3006	mgm4674303	76.00
HUMAN_3006	mgm4674305	68.54
HUMAN_3006	mgm4674307	78.65
HUMAN_3006	mgm4674378	74.37
HUMAN_3006	mgm4725857	82.67
HUMAN_3006	mgm4725858	78.45
HUMAN_3006	mgm4725859	77.47
HUMAN_3006	mgm4725860	80.55
HUMAN_3006	mgm4725861	81.11
HUMAN_3006	mgm4725862	82.37
HUMAN_3006	mgm4725863	66.98
HUMAN_3006	mgm4725864	78.77
HUMAN_3006	mgm4725865	76.80
HUMAN_3006	mgm4725866	85.05
HUMAN_3006	mgm4725867	81.21
HUMAN_3006	mgm4725868	80.40
HUMAN_3006	mgm4725869	78.18
HUMAN_3006	mgm4725870	81.69
HUMAN_3006	mgm4725871	81.43
HUMAN_3006	mgm4725872	78.51
HUMAN_3006	mgm4725873	77.15
HUMAN_3006	mgm4725874	78.02
HUMAN_3006	mgm4725875	78.96
HUMAN_3006	mgm4725876	77.58
IMGMC_804	mgm4537490	27.23
IMGMC_804	mgm4538631	26.01
IMGMC_804	mgm4538804	25.77
IMGMC_804	mgm4538858	23.45
IMGMC_804	mgm4538914	29.65
IMGMC_804	mgm4539155	25.16
IMGMC_804	mgm4539473	24.68
IMGMC_804	mgm4539531	25.29
IMGMC_804	mgm4539684	24.15
IMGMC_804	mgm4539685	26.88
IMGMC_804	mgm4539686	25.69
IMGMC_804	mgm4539799	30.34
IMGMC_804	mgm4539801	24.66
IMGMC_804	mgm4539802	24.07
IMGMC_804	mgm4539917	25.35
IMGMC_804	mgm4539918	22.66
IMGMC_804	mgm4539994	29.44
IMGMC_804	mgm4539995	27.03
IMGMC_804	mgm4539996	28.30
IMGMC_804	mgm4539997	23.08
IMGMC_804	mgm4539998	29.07
IMGMC_804	mgm4540045	29.17
IMGMC_804	mgm4540046	28.77
IMGMC_804	mgm4540052	27.92
IMGMC_804	mgm4540053	33.94
IMGMC_804	mgm4540251	25.86
IMGMC_804	mgm4540252	26.15
IMGMC_804	mgm4541194	23.54
IMGMC_804	mgm4548364	27.33
IMGMC_804	mgm4674280	21.11
IMGMC_804	mgm4674282	18.97
IMGMC_804	mgm4674285	14.39
IMGMC_804	mgm4674287	22.41
IMGMC_804	mgm4674289	16.15
IMGMC_804	mgm4674291	20.69
IMGMC_804	mgm4674293	17.97
IMGMC_804	mgm4674295	21.28
IMGMC_804	mgm4674297	19.22
IMGMC_804	mgm4674299	22.81
IMGMC_804	mgm4674301	20.25
IMGMC_804	mgm4674303	21.33
IMGMC_804	mgm4674305	18.61
IMGMC_804	mgm4674307	20.48
IMGMC_804	mgm4674378	19.30
IMGMC_804	mgm4725857	31.47
IMGMC_804	mgm4725858	40.02
IMGMC_804	mgm4725859	35.90
IMGMC_804	mgm4725860	27.57
IMGMC_804	mgm4725861	27.91
IMGMC_804	mgm4725862	51.55
IMGMC_804	mgm4725863	42.34
IMGMC_804	mgm4725864	34.66
IMGMC_804	mgm4725865	35.91
IMGMC_804	mgm4725866	58.27
IMGMC_804	mgm4725867	51.85
IMGMC_804	mgm4725868	36.48
IMGMC_804	mgm4725869	28.40
IMGMC_804	mgm4725870	24.38
IMGMC_804	mgm4725871	25.33
IMGMC_804	mgm4725872	33.91
IMGMC_804	mgm4725873	37.00
IMGMC_804	mgm4725874	31.50
IMGMC_804	mgm4725875	36.14
IMGMC_804	mgm4725876	40.96
IMGMC_HQ_7369	mgm4537490	14.62
IMGMC_HQ_7369	mgm4538631	14.74
IMGMC_HQ_7369	mgm4538804	12.87
IMGMC_HQ_7369	mgm4538858	11.41
IMGMC_HQ_7369	mgm4538914	18.81
IMGMC_HQ_7369	mgm4539155	13.62
IMGMC_HQ_7369	mgm4539473	12.92
IMGMC_HQ_7369	mgm4539531	14.28
IMGMC_HQ_7369	mgm4539684	11.89
IMGMC_HQ_7369	mgm4539685	14.42
IMGMC_HQ_7369	mgm4539686	13.82
IMGMC_HQ_7369	mgm4539799	20.53
IMGMC_HQ_7369	mgm4539801	14.09
IMGMC_HQ_7369	mgm4539802	13.79
IMGMC_HQ_7369	mgm4539917	15.77
IMGMC_HQ_7369	mgm4539918	12.25
IMGMC_HQ_7369	mgm4539994	18.79
IMGMC_HQ_7369	mgm4539995	17.99
IMGMC_HQ_7369	mgm4539996	17.86
IMGMC_HQ_7369	mgm4539997	12.54
IMGMC_HQ_7369	mgm4539998	18.62
IMGMC_HQ_7369	mgm4540045	20.02
IMGMC_HQ_7369	mgm4540046	19.40
IMGMC_HQ_7369	mgm4540052	18.50
IMGMC_HQ_7369	mgm4540053	24.95
IMGMC_HQ_7369	mgm4540251	16.33
IMGMC_HQ_7369	mgm4540252	16.18
IMGMC_HQ_7369	mgm4541194	10.91
IMGMC_HQ_7369	mgm4548364	16.58
IMGMC_HQ_7369	mgm4674280	9.86
IMGMC_HQ_7369	mgm4674282	8.91
IMGMC_HQ_7369	mgm4674285	5.21
IMGMC_HQ_7369	mgm4674287	10.81
IMGMC_HQ_7369	mgm4674289	5.37
IMGMC_HQ_7369	mgm4674291	10.54
IMGMC_HQ_7369	mgm4674293	8.27
IMGMC_HQ_7369	mgm4674295	8.19
IMGMC_HQ_7369	mgm4674297	8.12
IMGMC_HQ_7369	mgm4674299	8.99
IMGMC_HQ_7369	mgm4674301	9.08
IMGMC_HQ_7369	mgm4674303	9.15
IMGMC_HQ_7369	mgm4674305	7.57
IMGMC_HQ_7369	mgm4674307	9.71
IMGMC_HQ_7369	mgm4674378	9.03
IMGMC_HQ_7369	mgm4725857	22.29
IMGMC_HQ_7369	mgm4725858	31.29
IMGMC_HQ_7369	mgm4725859	27.58
IMGMC_HQ_7369	mgm4725860	18.35
IMGMC_HQ_7369	mgm4725861	18.02
IMGMC_HQ_7369	mgm4725862	43.82
IMGMC_HQ_7369	mgm4725863	36.37
IMGMC_HQ_7369	mgm4725864	26.30
IMGMC_HQ_7369	mgm4725865	27.91
IMGMC_HQ_7369	mgm4725866	51.88
IMGMC_HQ_7369	mgm4725867	44.62
IMGMC_HQ_7369	mgm4725868	28.40
IMGMC_HQ_7369	mgm4725869	18.51
IMGMC_HQ_7369	mgm4725870	14.29
IMGMC_HQ_7369	mgm4725871	15.17
IMGMC_HQ_7369	mgm4725872	23.96
IMGMC_HQ_7369	mgm4725873	27.92
IMGMC_HQ_7369	mgm4725874	21.90
IMGMC_HQ_7369	mgm4725875	27.36
IMGMC_HQ_7369	mgm4725876	32.66
IMGMC_MQ_18306	mgm4537490	7.77
IMGMC_MQ_18306	mgm4538631	8.21
IMGMC_MQ_18306	mgm4538804	7.02
IMGMC_MQ_18306	mgm4538858	6.85
IMGMC_MQ_18306	mgm4538914	10.60
IMGMC_MQ_18306	mgm4539155	9.04
IMGMC_MQ_18306	mgm4539473	7.90
IMGMC_MQ_18306	mgm4539531	8.71
IMGMC_MQ_18306	mgm4539684	6.63
IMGMC_MQ_18306	mgm4539685	9.41
IMGMC_MQ_18306	mgm4539686	6.94
IMGMC_MQ_18306	mgm4539799	11.77
IMGMC_MQ_18306	mgm4539801	7.37
IMGMC_MQ_18306	mgm4539802	7.57
IMGMC_MQ_18306	mgm4539917	9.15
IMGMC_MQ_18306	mgm4539918	7.03
IMGMC_MQ_18306	mgm4539994	8.51
IMGMC_MQ_18306	mgm4539995	9.46
IMGMC_MQ_18306	mgm4539996	8.44
IMGMC_MQ_18306	mgm4539997	6.37
IMGMC_MQ_18306	mgm4539998	7.95
IMGMC_MQ_18306	mgm4540045	10.29
IMGMC_MQ_18306	mgm4540046	8.11
IMGMC_MQ_18306	mgm4540052	7.78
IMGMC_MQ_18306	mgm4540053	11.93
IMGMC_MQ_18306	mgm4540251	9.99
IMGMC_MQ_18306	mgm4540252	10.75
IMGMC_MQ_18306	mgm4541194	5.05
IMGMC_MQ_18306	mgm4548364	8.88
IMGMC_MQ_18306	mgm4674280	5.08
IMGMC_MQ_18306	mgm4674282	5.22
IMGMC_MQ_18306	mgm4674285	3.26
IMGMC_MQ_18306	mgm4674287	4.84
IMGMC_MQ_18306	mgm4674289	3.04
IMGMC_MQ_18306	mgm4674291	5.31
IMGMC_MQ_18306	mgm4674293	4.07
IMGMC_MQ_18306	mgm4674295	4.57
IMGMC_MQ_18306	mgm4674297	4.30
IMGMC_MQ_18306	mgm4674299	4.43
IMGMC_MQ_18306	mgm4674301	4.85
IMGMC_MQ_18306	mgm4674303	4.02
IMGMC_MQ_18306	mgm4674305	3.93
IMGMC_MQ_18306	mgm4674307	4.62
IMGMC_MQ_18306	mgm4674378	5.30
IMGMC_MQ_18306	mgm4725857	15.48
IMGMC_MQ_18306	mgm4725858	15.09
IMGMC_MQ_18306	mgm4725859	20.82
IMGMC_MQ_18306	mgm4725860	11.40
IMGMC_MQ_18306	mgm4725861	9.11
IMGMC_MQ_18306	mgm4725862	26.87
IMGMC_MQ_18306	mgm4725863	31.93
IMGMC_MQ_18306	mgm4725864	17.07
IMGMC_MQ_18306	mgm4725865	20.63
IMGMC_MQ_18306	mgm4725866	41.81
IMGMC_MQ_18306	mgm4725867	25.24
IMGMC_MQ_18306	mgm4725868	16.19
IMGMC_MQ_18306	mgm4725869	10.60
IMGMC_MQ_18306	mgm4725870	7.96
IMGMC_MQ_18306	mgm4725871	7.89
IMGMC_MQ_18306	mgm4725872	11.59
IMGMC_MQ_18306	mgm4725873	17.22
IMGMC_MQ_18306	mgm4725874	12.91
IMGMC_MQ_18306	mgm4725875	15.64
IMGMC_MQ_18306	mgm4725876	22.23
ISOLATE_564	mgm4537490	52.30
ISOLATE_564	mgm4538631	58.49
ISOLATE_564	mgm4538804	44.93
ISOLATE_564	mgm4538858	58.93
ISOLATE_564	mgm4538914	56.55
ISOLATE_564	mgm4539155	56.40
ISOLATE_564	mgm4539473	48.10
ISOLATE_564	mgm4539531	57.47
ISOLATE_564	mgm4539684	45.85
ISOLATE_564	mgm4539685	40.58
ISOLATE_564	mgm4539686	43.94
ISOLATE_564	mgm4539799	57.48
ISOLATE_564	mgm4539801	51.46
ISOLATE_564	mgm4539802	47.54
ISOLATE_564	mgm4539917	50.28
ISOLATE_564	mgm4539918	46.09
ISOLATE_564	mgm4539994	42.23
ISOLATE_564	mgm4539995	37.09
ISOLATE_564	mgm4539996	38.47
ISOLATE_564	mgm4539997	47.26
ISOLATE_564	mgm4539998	41.30
ISOLATE_564	mgm4540045	46.67
ISOLATE_564	mgm4540046	40.46
ISOLATE_564	mgm4540052	39.23
ISOLATE_564	mgm4540053	50.84
ISOLATE_564	mgm4540251	51.02
ISOLATE_564	mgm4540252	51.06
ISOLATE_564	mgm4541194	40.26
ISOLATE_564	mgm4548364	51.63
ISOLATE_564	mgm4674280	51.42
ISOLATE_564	mgm4674282	57.01
ISOLATE_564	mgm4674285	67.83
ISOLATE_564	mgm4674287	57.01
ISOLATE_564	mgm4674289	53.41
ISOLATE_564	mgm4674291	61.53
ISOLATE_564	mgm4674293	55.81
ISOLATE_564	mgm4674295	47.13
ISOLATE_564	mgm4674297	59.03
ISOLATE_564	mgm4674299	55.64
ISOLATE_564	mgm4674301	56.49
ISOLATE_564	mgm4674303	48.86
ISOLATE_564	mgm4674305	55.87
ISOLATE_564	mgm4674307	53.27
ISOLATE_564	mgm4674378	63.33
ISOLATE_564	mgm4725857	63.75
ISOLATE_564	mgm4725858	69.89
ISOLATE_564	mgm4725859	54.30
ISOLATE_564	mgm4725860	61.81
ISOLATE_564	mgm4725861	62.60
ISOLATE_564	mgm4725862	76.12
ISOLATE_564	mgm4725863	53.39
ISOLATE_564	mgm4725864	64.52
ISOLATE_564	mgm4725865	58.32
ISOLATE_564	mgm4725866	79.56
ISOLATE_564	mgm4725867	77.17
ISOLATE_564	mgm4725868	65.52
ISOLATE_564	mgm4725869	57.92
ISOLATE_564	mgm4725870	60.68
ISOLATE_564	mgm4725871	59.90
ISOLATE_564	mgm4725872	65.33
ISOLATE_564	mgm4725873	59.41
ISOLATE_564	mgm4725874	60.90
ISOLATE_564	mgm4725875	68.76
ISOLATE_564	mgm4725876	67.38
MCC_276	mgm4537490	63.43
MCC_276	mgm4538631	68.84
MCC_276	mgm4538804	53.62
MCC_276	mgm4538858	68.75
MCC_276	mgm4538914	70.35
MCC_276	mgm4539155	65.27
MCC_276	mgm4539473	59.97
MCC_276	mgm4539531	69.83
MCC_276	mgm4539684	55.66
MCC_276	mgm4539685	55.37
MCC_276	mgm4539686	56.61
MCC_276	mgm4539799	67.74
MCC_276	mgm4539801	63.05
MCC_276	mgm4539802	60.56
MCC_276	mgm4539917	66.56
MCC_276	mgm4539918	64.01
MCC_276	mgm4539994	67.90
MCC_276	mgm4539995	52.37
MCC_276	mgm4539996	55.10
MCC_276	mgm4539997	63.29
MCC_276	mgm4539998	55.08
MCC_276	mgm4540045	60.20
MCC_276	mgm4540046	61.69
MCC_276	mgm4540052	58.77
MCC_276	mgm4540053	64.83
MCC_276	mgm4540251	66.72
MCC_276	mgm4540252	62.51
MCC_276	mgm4541194	54.17
MCC_276	mgm4548364	66.53
MCC_276	mgm4674280	62.69
MCC_276	mgm4674282	72.72
MCC_276	mgm4674285	79.06
MCC_276	mgm4674287	68.53
MCC_276	mgm4674289	75.98
MCC_276	mgm4674291	69.84
MCC_276	mgm4674293	63.94
MCC_276	mgm4674295	62.22
MCC_276	mgm4674297	70.61
MCC_276	mgm4674299	68.03
MCC_276	mgm4674301	70.89
MCC_276	mgm4674303	62.02
MCC_276	mgm4674305	72.72
MCC_276	mgm4674307	64.50
MCC_276	mgm4674378	77.54
MCC_276	mgm4725857	69.03
MCC_276	mgm4725858	76.60
MCC_276	mgm4725859	68.43
MCC_276	mgm4725860	67.64
MCC_276	mgm4725861	69.17
MCC_276	mgm4725862	80.83
MCC_276	mgm4725863	57.83
MCC_276	mgm4725864	70.73
MCC_276	mgm4725865	65.19
MCC_276	mgm4725866	84.40
MCC_276	mgm4725867	82.33
MCC_276	mgm4725868	71.48
MCC_276	mgm4725869	63.37
MCC_276	mgm4725870	65.74
MCC_276	mgm4725871	68.00
MCC_276	mgm4725872	72.61
MCC_276	mgm4725873	67.27
MCC_276	mgm4725874	66.30
MCC_276	mgm4725875	74.31
MCC_276	mgm4725876	76.36
MGBC_1094	mgm4537490	19.64
MGBC_1094	mgm4538631	18.69
MGBC_1094	mgm4538804	18.32
MGBC_1094	mgm4538858	17.49
MGBC_1094	mgm4538914	22.75
MGBC_1094	mgm4539155	19.44
MGBC_1094	mgm4539473	18.86
MGBC_1094	mgm4539531	19.05
MGBC_1094	mgm4539684	18.02
MGBC_1094	mgm4539685	19.86
MGBC_1094	mgm4539686	18.35
MGBC_1094	mgm4539799	22.87
MGBC_1094	mgm4539801	18.77
MGBC_1094	mgm4539802	18.95
MGBC_1094	mgm4539917	19.84
MGBC_1094	mgm4539918	17.00
MGBC_1094	mgm4539994	19.01
MGBC_1094	mgm4539995	17.07
MGBC_1094	mgm4539996	16.33
MGBC_1094	mgm4539997	16.80
MGBC_1094	mgm4539998	17.88
MGBC_1094	mgm4540045	20.25
MGBC_1094	mgm4540046	17.66
MGBC_1094	mgm4540052	18.58
MGBC_1094	mgm4540053	24.26
MGBC_1094	mgm4540251	20.33
MGBC_1094	mgm4540252	21.40
MGBC_1094	mgm4541194	16.53
MGBC_1094	mgm4548364	19.91
MGBC_1094	mgm4674280	16.28
MGBC_1094	mgm4674282	16.36
MGBC_1094	mgm4674285	15.09
MGBC_1094	mgm4674287	16.20
MGBC_1094	mgm4674289	14.11
MGBC_1094	mgm4674291	16.09
MGBC_1094	mgm4674293	13.82
MGBC_1094	mgm4674295	16.34
MGBC_1094	mgm4674297	15.79
MGBC_1094	mgm4674299	17.43
MGBC_1094	mgm4674301	16.35
MGBC_1094	mgm4674303	15.30
MGBC_1094	mgm4674305	15.85
MGBC_1094	mgm4674307	15.38
MGBC_1094	mgm4674378	16.91
MGBC_1094	mgm4725857	22.89
MGBC_1094	mgm4725858	18.22
MGBC_1094	mgm4725859	25.42
MGBC_1094	mgm4725860	19.42
MGBC_1094	mgm4725861	15.96
MGBC_1094	mgm4725862	28.05
MGBC_1094	mgm4725863	36.49
MGBC_1094	mgm4725864	22.08
MGBC_1094	mgm4725865	26.27
MGBC_1094	mgm4725866	44.10
MGBC_1094	mgm4725867	25.51
MGBC_1094	mgm4725868	21.27
MGBC_1094	mgm4725869	17.38
MGBC_1094	mgm4725870	16.15
MGBC_1094	mgm4725871	15.62
MGBC_1094	mgm4725872	17.26
MGBC_1094	mgm4725873	20.40
MGBC_1094	mgm4725874	18.73
MGBC_1094	mgm4725875	19.96
MGBC_1094	mgm4725876	25.29
MGBC_26640	mgm4537490	8.14
MGBC_26640	mgm4538631	8.76
MGBC_26640	mgm4538804	8.26
MGBC_26640	mgm4538858	5.90
MGBC_26640	mgm4538914	11.76
MGBC_26640	mgm4539155	7.24
MGBC_26640	mgm4539473	8.93
MGBC_26640	mgm4539531	8.93
MGBC_26640	mgm4539684	7.36
MGBC_26640	mgm4539685	8.96
MGBC_26640	mgm4539686	8.66
MGBC_26640	mgm4539799	11.08
MGBC_26640	mgm4539801	7.69
MGBC_26640	mgm4539802	7.83
MGBC_26640	mgm4539917	8.88
MGBC_26640	mgm4539918	6.35
MGBC_26640	mgm4539994	9.74
MGBC_26640	mgm4539995	7.88
MGBC_26640	mgm4539996	6.36
MGBC_26640	mgm4539997	5.85
MGBC_26640	mgm4539998	7.13
MGBC_26640	mgm4540045	8.85
MGBC_26640	mgm4540046	8.36
MGBC_26640	mgm4540052	9.56
MGBC_26640	mgm4540053	13.15
MGBC_26640	mgm4540251	10.03
MGBC_26640	mgm4540252	9.13
MGBC_26640	mgm4541194	6.42
MGBC_26640	mgm4548364	10.42
MGBC_26640	mgm4674280	5.64
MGBC_26640	mgm4674282	5.59
MGBC_26640	mgm4674285	3.47
MGBC_26640	mgm4674287	6.65
MGBC_26640	mgm4674289	3.91
MGBC_26640	mgm4674291	6.44
MGBC_26640	mgm4674293	5.16
MGBC_26640	mgm4674295	4.79
MGBC_26640	mgm4674297	5.31
MGBC_26640	mgm4674299	4.85
MGBC_26640	mgm4674301	5.88
MGBC_26640	mgm4674303	5.24
MGBC_26640	mgm4674305	4.17
MGBC_26640	mgm4674307	5.88
MGBC_26640	mgm4674378	5.60
MGBC_26640	mgm4725857	13.15
MGBC_26640	mgm4725858	11.15
MGBC_26640	mgm4725859	16.59
MGBC_26640	mgm4725860	10.67
MGBC_26640	mgm4725861	7.75
MGBC_26640	mgm4725862	17.76
MGBC_26640	mgm4725863	24.38
MGBC_26640	mgm4725864	14.79
MGBC_26640	mgm4725865	16.97
MGBC_26640	mgm4725866	32.79
MGBC_26640	mgm4725867	17.90
MGBC_26640	mgm4725868	13.35
MGBC_26640	mgm4725869	8.95
MGBC_26640	mgm4725870	7.40
MGBC_26640	mgm4725871	6.99
MGBC_26640	mgm4725872	8.97
MGBC_26640	mgm4725873	12.68
MGBC_26640	mgm4725874	10.64
MGBC_26640	mgm4725875	12.81
MGBC_26640	mgm4725876	16.49
MGBC_MQ_65097	mgm4537490	4.89
MGBC_MQ_65097	mgm4538631	5.22
MGBC_MQ_65097	mgm4538804	5.00
MGBC_MQ_65097	mgm4538858	4.02
MGBC_MQ_65097	mgm4538914	6.39
MGBC_MQ_65097	mgm4539155	5.22
MGBC_MQ_65097	mgm4539473	5.56
MGBC_MQ_65097	mgm4539531	5.48
MGBC_MQ_65097	mgm4539684	4.10
MGBC_MQ_65097	mgm4539685	5.54
MGBC_MQ_65097	mgm4539686	4.40
MGBC_MQ_65097	mgm4539799	6.89
MGBC_MQ_65097	mgm4539801	4.15
MGBC_MQ_65097	mgm4539802	4.37
MGBC_MQ_65097	mgm4539917	5.34
MGBC_MQ_65097	mgm4539918	3.50
MGBC_MQ_65097	mgm4539994	5.27
MGBC_MQ_65097	mgm4539995	4.95
MGBC_MQ_65097	mgm4539996	4.05
MGBC_MQ_65097	mgm4539997	3.73
MGBC_MQ_65097	mgm4539998	4.27
MGBC_MQ_65097	mgm4540045	5.85
MGBC_MQ_65097	mgm4540046	4.77
MGBC_MQ_65097	mgm4540052	4.74
MGBC_MQ_65097	mgm4540053	6.39
MGBC_MQ_65097	mgm4540251	6.28
MGBC_MQ_65097	mgm4540252	6.37
MGBC_MQ_65097	mgm4541194	3.13
MGBC_MQ_65097	mgm4548364	5.78
MGBC_MQ_65097	mgm4674280	3.20
MGBC_MQ_65097	mgm4674282	3.53
MGBC_MQ_65097	mgm4674285	2.04
MGBC_MQ_65097	mgm4674287	3.12
MGBC_MQ_65097	mgm4674289	1.78
MGBC_MQ_65097	mgm4674291	3.41
MGBC_MQ_65097	mgm4674293	2.66
MGBC_MQ_65097	mgm4674295	2.63
MGBC_MQ_65097	mgm4674297	2.85
MGBC_MQ_65097	mgm4674299	2.59
MGBC_MQ_65097	mgm4674301	3.09
MGBC_MQ_65097	mgm4674303	2.64
MGBC_MQ_65097	mgm4674305	2.44
MGBC_MQ_65097	mgm4674307	2.94
MGBC_MQ_65097	mgm4674378	3.51
MGBC_MQ_65097	mgm4725857	11.08
MGBC_MQ_65097	mgm4725858	10.33
MGBC_MQ_65097	mgm4725859	15.34
MGBC_MQ_65097	mgm4725860	7.94
MGBC_MQ_65097	mgm4725861	6.17
MGBC_MQ_65097	mgm4725862	16.73
MGBC_MQ_65097	mgm4725863	22.70
MGBC_MQ_65097	mgm4725864	12.95
MGBC_MQ_65097	mgm4725865	14.95
MGBC_MQ_65097	mgm4725866	30.98
MGBC_MQ_65097	mgm4725867	17.12
MGBC_MQ_65097	mgm4725868	11.44
MGBC_MQ_65097	mgm4725869	7.48
MGBC_MQ_65097	mgm4725870	5.60
MGBC_MQ_65097	mgm4725871	5.19
MGBC_MQ_65097	mgm4725872	7.69
MGBC_MQ_65097	mgm4725873	12.12
MGBC_MQ_65097	mgm4725874	9.27
MGBC_MQ_65097	mgm4725875	11.91
MGBC_MQ_65097	mgm4725876	15.63
MGC_239	mgm4537490	67.69
MGC_239	mgm4538631	67.50
MGC_239	mgm4538804	60.50
MGC_239	mgm4538858	58.58
MGC_239	mgm4538914	69.13
MGC_239	mgm4539155	61.23
MGC_239	mgm4539473	63.39
MGC_239	mgm4539531	67.15
MGC_239	mgm4539684	65.47
MGC_239	mgm4539685	62.62
MGC_239	mgm4539686	64.63
MGC_239	mgm4539799	66.91
MGC_239	mgm4539801	63.05
MGC_239	mgm4539802	60.55
MGC_239	mgm4539917	59.99
MGC_239	mgm4539918	59.73
MGC_239	mgm4539994	58.33
MGC_239	mgm4539995	60.75
MGC_239	mgm4539996	60.53
MGC_239	mgm4539997	61.49
MGC_239	mgm4539998	63.02
MGC_239	mgm4540045	63.05
MGC_239	mgm4540046	56.67
MGC_239	mgm4540052	58.48
MGC_239	mgm4540053	68.81
MGC_239	mgm4540251	63.10
MGC_239	mgm4540252	61.09
MGC_239	mgm4541194	63.97
MGC_239	mgm4548364	63.41
MGC_239	mgm4674280	70.21
MGC_239	mgm4674282	61.63
MGC_239	mgm4674285	50.12
MGC_239	mgm4674287	68.34
MGC_239	mgm4674289	54.39
MGC_239	mgm4674291	66.27
MGC_239	mgm4674293	57.85
MGC_239	mgm4674295	64.80
MGC_239	mgm4674297	63.14
MGC_239	mgm4674299	72.84
MGC_239	mgm4674301	62.87
MGC_239	mgm4674303	67.50
MGC_239	mgm4674305	63.69
MGC_239	mgm4674307	67.95
MGC_239	mgm4674378	58.28
MGC_239	mgm4725857	67.79
MGC_239	mgm4725858	79.06
MGC_239	mgm4725859	71.89
MGC_239	mgm4725860	65.34
MGC_239	mgm4725861	66.64
MGC_239	mgm4725862	89.65
MGC_239	mgm4725863	68.16
MGC_239	mgm4725864	71.93
MGC_239	mgm4725865	72.62
MGC_239	mgm4725866	89.42
MGC_239	mgm4725867	87.75
MGC_239	mgm4725868	73.07
MGC_239	mgm4725869	66.48
MGC_239	mgm4725870	64.50
MGC_239	mgm4725871	64.15
MGC_239	mgm4725872	75.00
MGC_239	mgm4725873	79.88
MGC_239	mgm4725874	71.44
MGC_239	mgm4725875	76.47
MGC_239	mgm4725876	77.65
MGMB_100	mgm4537490	80.73
MGMB_100	mgm4538631	83.04
MGMB_100	mgm4538804	85.55
MGMB_100	mgm4538858	85.05
MGMB_100	mgm4538914	82.75
MGMB_100	mgm4539155	83.63
MGMB_100	mgm4539473	83.62
MGMB_100	mgm4539531	83.96
MGMB_100	mgm4539684	83.46
MGMB_100	mgm4539685	83.23
MGMB_100	mgm4539686	83.64
MGMB_100	mgm4539799	81.23
MGMB_100	mgm4539801	79.01
MGMB_100	mgm4539802	79.57
MGMB_100	mgm4539917	81.49
MGMB_100	mgm4539918	79.50
MGMB_100	mgm4539994	79.96
MGMB_100	mgm4539995	69.48
MGMB_100	mgm4539996	74.54
MGMB_100	mgm4539997	76.65
MGMB_100	mgm4539998	75.38
MGMB_100	mgm4540045	69.31
MGMB_100	mgm4540046	71.43
MGMB_100	mgm4540052	70.00
MGMB_100	mgm4540053	76.46
MGMB_100	mgm4540251	80.77
MGMB_100	mgm4540252	81.05
MGMB_100	mgm4541194	82.86
MGMB_100	mgm4548364	81.67
MGMB_100	mgm4674280	81.58
MGMB_100	mgm4674282	79.71
MGMB_100	mgm4674285	83.28
MGMB_100	mgm4674287	81.64
MGMB_100	mgm4674289	86.40
MGMB_100	mgm4674291	81.63
MGMB_100	mgm4674293	79.15
MGMB_100	mgm4674295	83.39
MGMB_100	mgm4674297	81.30
MGMB_100	mgm4674299	82.85
MGMB_100	mgm4674301	79.31
MGMB_100	mgm4674303	82.80
MGMB_100	mgm4674305	80.97
MGMB_100	mgm4674307	78.57
MGMB_100	mgm4674378	78.40
MGMB_100	mgm4725857	79.26
MGMB_100	mgm4725858	86.20
MGMB_100	mgm4725859	83.47
MGMB_100	mgm4725860	80.33
MGMB_100	mgm4725861	80.29
MGMB_100	mgm4725862	90.68
MGMB_100	mgm4725863	82.21
MGMB_100	mgm4725864	83.15
MGMB_100	mgm4725865	81.72
MGMB_100	mgm4725866	90.81
MGMB_100	mgm4725867	90.15
MGMB_100	mgm4725868	83.47
MGMB_100	mgm4725869	80.91
MGMB_100	mgm4725870	77.70
MGMB_100	mgm4725871	78.37
MGMB_100	mgm4725872	84.23
MGMB_100	mgm4725873	82.11
MGMB_100	mgm4725874	81.71
MGMB_100	mgm4725875	84.83
MGMB_100	mgm4725876	87.40
MIBC_47	mgm4537490	93.81
MIBC_47	mgm4538631	92.92
MIBC_47	mgm4538804	94.09
MIBC_47	mgm4538858	94.46
MIBC_47	mgm4538914	93.54
MIBC_47	mgm4539155	94.14
MIBC_47	mgm4539473	93.63
MIBC_47	mgm4539531	93.11
MIBC_47	mgm4539684	94.17
MIBC_47	mgm4539685	93.85
MIBC_47	mgm4539686	93.52
MIBC_47	mgm4539799	91.32
MIBC_47	mgm4539801	89.65
MIBC_47	mgm4539802	89.80
MIBC_47	mgm4539917	91.70
MIBC_47	mgm4539918	88.30
MIBC_47	mgm4539994	90.16
MIBC_47	mgm4539995	77.92
MIBC_47	mgm4539996	83.99
MIBC_47	mgm4539997	88.27
MIBC_47	mgm4539998	88.30
MIBC_47	mgm4540045	80.73
MIBC_47	mgm4540046	81.15
MIBC_47	mgm4540052	78.91
MIBC_47	mgm4540053	87.19
MIBC_47	mgm4540251	91.95
MIBC_47	mgm4540252	91.81
MIBC_47	mgm4541194	94.07
MIBC_47	mgm4548364	92.38
MIBC_47	mgm4674280	92.93
MIBC_47	mgm4674282	95.23
MIBC_47	mgm4674285	94.67
MIBC_47	mgm4674287	93.32
MIBC_47	mgm4674289	95.89
MIBC_47	mgm4674291	93.41
MIBC_47	mgm4674293	93.55
MIBC_47	mgm4674295	94.81
MIBC_47	mgm4674297	94.39
MIBC_47	mgm4674299	94.35
MIBC_47	mgm4674301	94.53
MIBC_47	mgm4674303	94.11
MIBC_47	mgm4674305	95.89
MIBC_47	mgm4674307	93.26
MIBC_47	mgm4674378	95.34
MIBC_47	mgm4725857	94.04
MIBC_47	mgm4725858	96.83
MIBC_47	mgm4725859	95.40
MIBC_47	mgm4725860	94.26
MIBC_47	mgm4725861	94.84
MIBC_47	mgm4725862	98.04
MIBC_47	mgm4725863	86.02
MIBC_47	mgm4725864	95.99
MIBC_47	mgm4725865	94.35
MIBC_47	mgm4725866	98.03
MIBC_47	mgm4725867	97.92
MIBC_47	mgm4725868	95.33
MIBC_47	mgm4725869	95.29
MIBC_47	mgm4725870	93.75
MIBC_47	mgm4725871	94.17
MIBC_47	mgm4725872	96.10
MIBC_47	mgm4725873	97.11
MIBC_47	mgm4725874	96.13
MIBC_47	mgm4725875	96.29
MIBC_47	mgm4725876	97.05
NCBI	mgm4537490	80.98
NCBI	mgm4538631	80.57
NCBI	mgm4538804	82.54
NCBI	mgm4538858	83.94
NCBI	mgm4538914	82.71
NCBI	mgm4539155	83.62
NCBI	mgm4539473	83.56
NCBI	mgm4539531	79.44
NCBI	mgm4539684	81.46
NCBI	mgm4539685	78.86
NCBI	mgm4539686	79.89
NCBI	mgm4539799	84.85
NCBI	mgm4539801	85.04
NCBI	mgm4539802	84.63
NCBI	mgm4539917	84.96
NCBI	mgm4539918	82.00
NCBI	mgm4539994	78.20
NCBI	mgm4539995	60.49
NCBI	mgm4539996	68.87
NCBI	mgm4539997	77.95
NCBI	mgm4539998	72.93
NCBI	mgm4540045	68.66
NCBI	mgm4540046	66.47
NCBI	mgm4540052	65.25
NCBI	mgm4540053	74.02
NCBI	mgm4540251	85.11
NCBI	mgm4540252	83.77
NCBI	mgm4541194	78.05
NCBI	mgm4548364	79.90
NCBI	mgm4674280	77.41
NCBI	mgm4674282	77.29
NCBI	mgm4674285	86.55
NCBI	mgm4674287	79.33
NCBI	mgm4674289	70.63
NCBI	mgm4674291	78.17
NCBI	mgm4674293	84.88
NCBI	mgm4674295	80.13
NCBI	mgm4674297	83.07
NCBI	mgm4674299	78.61
NCBI	mgm4674301	79.33
NCBI	mgm4674303	77.06
NCBI	mgm4674305	77.22
NCBI	mgm4674307	80.87
NCBI	mgm4674378	79.63
NCBI	mgm4725857	86.37
NCBI	mgm4725858	81.32
NCBI	mgm4725859	68.87
NCBI	mgm4725860	83.78
NCBI	mgm4725861	84.99
NCBI	mgm4725862	80.87
NCBI	mgm4725863	54.36
NCBI	mgm4725864	79.32
NCBI	mgm4725865	74.95
NCBI	mgm4725866	86.11
NCBI	mgm4725867	82.77
NCBI	mgm4725868	83.65
NCBI	mgm4725869	79.86
NCBI	mgm4725870	86.71
NCBI	mgm4725871	86.10
NCBI	mgm4725872	80.59
NCBI	mgm4725873	76.06
NCBI	mgm4725874	79.00
NCBI	mgm4725875	82.88
NCBI	mgm4725876	76.58
PUBLIC_288	mgm4537490	59.85
PUBLIC_288	mgm4538631	65.77
PUBLIC_288	mgm4538804	52.57
PUBLIC_288	mgm4538858	65.16
PUBLIC_288	mgm4538914	63.33
PUBLIC_288	mgm4539155	64.51
PUBLIC_288	mgm4539473	56.18
PUBLIC_288	mgm4539531	64.55
PUBLIC_288	mgm4539684	54.20
PUBLIC_288	mgm4539685	46.95
PUBLIC_288	mgm4539686	51.43
PUBLIC_288	mgm4539799	65.11
PUBLIC_288	mgm4539801	57.71
PUBLIC_288	mgm4539802	53.43
PUBLIC_288	mgm4539917	57.10
PUBLIC_288	mgm4539918	51.29
PUBLIC_288	mgm4539994	48.42
PUBLIC_288	mgm4539995	44.97
PUBLIC_288	mgm4539996	45.90
PUBLIC_288	mgm4539997	55.19
PUBLIC_288	mgm4539998	49.00
PUBLIC_288	mgm4540045	54.42
PUBLIC_288	mgm4540046	46.71
PUBLIC_288	mgm4540052	45.97
PUBLIC_288	mgm4540053	57.54
PUBLIC_288	mgm4540251	58.26
PUBLIC_288	mgm4540252	57.33
PUBLIC_288	mgm4541194	48.75
PUBLIC_288	mgm4548364	59.82
PUBLIC_288	mgm4674280	58.85
PUBLIC_288	mgm4674282	63.78
PUBLIC_288	mgm4674285	72.21
PUBLIC_288	mgm4674287	64.29
PUBLIC_288	mgm4674289	56.34
PUBLIC_288	mgm4674291	68.77
PUBLIC_288	mgm4674293	64.89
PUBLIC_288	mgm4674295	53.98
PUBLIC_288	mgm4674297	66.42
PUBLIC_288	mgm4674299	61.68
PUBLIC_288	mgm4674301	63.03
PUBLIC_288	mgm4674303	55.49
PUBLIC_288	mgm4674305	61.41
PUBLIC_288	mgm4674307	62.00
PUBLIC_288	mgm4674378	68.86
PUBLIC_288	mgm4725857	71.76
PUBLIC_288	mgm4725858	75.61
PUBLIC_288	mgm4725859	59.09
PUBLIC_288	mgm4725860	71.76
PUBLIC_288	mgm4725861	70.93
PUBLIC_288	mgm4725862	80.63
PUBLIC_288	mgm4725863	56.77
PUBLIC_288	mgm4725864	71.99
PUBLIC_288	mgm4725865	67.30
PUBLIC_288	mgm4725866	83.13
PUBLIC_288	mgm4725867	80.06
PUBLIC_288	mgm4725868	74.33
PUBLIC_288	mgm4725869	69.45
PUBLIC_288	mgm4725870	70.91
PUBLIC_288	mgm4725871	68.10
PUBLIC_288	mgm4725872	72.72
PUBLIC_288	mgm4725873	68.48
PUBLIC_288	mgm4725874	70.58
PUBLIC_288	mgm4725875	75.28
PUBLIC_288	mgm4725876	72.23
