iMGMC	MGBC000011
iMGMC	MGBC000013
iMGMC	MGBC000018
iMGMC	MGBC000037
iMGMC	MGBC000110
iMGMC	MGBC000183
iMGMC	MGBC000190
iMGMC	MGBC000217
iMGMC	MGBC000251
iMGMC	MGBC000289
iMGMC	MGBC000320
iMGMC	MGBC000322
iMGMC	MGBC000324
iMGMC	MGBC000328
iMGMC	MGBC000334
iMGMC	MGBC000338
iMGMC	MGBC000343
iMGMC	MGBC000348
iMGMC	MGBC000355
iMGMC	MGBC000357
iMGMC	MGBC000359
iMGMC	MGBC000375
iMGMC	MGBC000377
iMGMC	MGBC000384
iMGMC	MGBC000393
iMGMC	MGBC000395
iMGMC	MGBC000425
iMGMC	MGBC000444
iMGMC	MGBC000451
iMGMC	MGBC000458
iMGMC	MGBC000459
iMGMC	MGBC000461
iMGMC	MGBC000500
iMGMC	MGBC000569
iMGMC	MGBC000574
iMGMC	MGBC000582
iMGMC	MGBC000588
iMGMC	MGBC100162
iMGMC	MGBC100255
iMGMC	MGBC101821
iMGMC	MGBC102441
iMGMC	MGBC102794
iMGMC	MGBC103056
iMGMC	MGBC103140
iMGMC	MGBC103503
iMGMC	MGBC104239
iMGMC	MGBC104650
iMGMC	MGBC104683
iMGMC	MGBC104855
iMGMC	MGBC105003
iMGMC	MGBC105142
iMGMC	MGBC105161
iMGMC	MGBC105165
iMGMC	MGBC105311
iMGMC	MGBC105409
iMGMC	MGBC105438
iMGMC	MGBC105482
iMGMC	MGBC105541
iMGMC	MGBC105567
iMGMC	MGBC106096
iMGMC	MGBC106688
iMGMC	MGBC106958
iMGMC	MGBC107897
iMGMC	MGBC107915
iMGMC	MGBC107953
iMGMC	MGBC107955
iMGMC	MGBC108064
iMGMC	MGBC108110
iMGMC	MGBC108286
iMGMC	MGBC108415
iMGMC	MGBC108697
iMGMC	MGBC108822
iMGMC	MGBC108899
iMGMC	MGBC109742
iMGMC	MGBC109852
iMGMC	MGBC109898
iMGMC	MGBC110046
iMGMC	MGBC110107
iMGMC	MGBC110134
iMGMC	MGBC110188
iMGMC	MGBC110191
iMGMC	MGBC110213
iMGMC	MGBC110404
iMGMC	MGBC110745
iMGMC	MGBC110790
iMGMC	MGBC111394
iMGMC	MGBC111495
iMGMC	MGBC111586
iMGMC	MGBC111853
iMGMC	MGBC112607
iMGMC	MGBC112850
iMGMC	MGBC113184
iMGMC	MGBC113208
iMGMC	MGBC113473
iMGMC	MGBC113583
iMGMC	MGBC113844
iMGMC	MGBC114845
iMGMC	MGBC114913
iMGMC	MGBC114937
iMGMC	MGBC115827
iMGMC	MGBC116389
iMGMC	MGBC116396
iMGMC	MGBC116409
iMGMC	MGBC116427
iMGMC	MGBC116453
iMGMC	MGBC116472
iMGMC	MGBC116972
iMGMC	MGBC117240
iMGMC	MGBC117295
iMGMC	MGBC118190
iMGMC	MGBC118434
iMGMC	MGBC120144
iMGMC	MGBC120535
iMGMC	MGBC121596
iMGMC	MGBC122486
iMGMC	MGBC127200
iMGMC	MGBC128295
iMGMC	MGBC128351
iMGMC	MGBC128938
iMGMC	MGBC129157
iMGMC	MGBC131066
iMGMC	MGBC131349
iMGMC	MGBC131385
iMGMC	MGBC132531
iMGMC	MGBC132548
iMGMC	MGBC132858
iMGMC	MGBC133064
iMGMC	MGBC135575
iMGMC	MGBC135576
iMGMC	MGBC135721
iMGMC	MGBC136599
iMGMC	MGBC137200
iMGMC	MGBC141088
iMGMC	MGBC141840
iMGMC	MGBC142124
iMGMC	MGBC143053
iMGMC	MGBC143306
iMGMC	MGBC143931
iMGMC	MGBC144528
iMGMC	MGBC146759
iMGMC	MGBC150235
iMGMC	MGBC151524
iMGMC	MGBC157434
iMGMC	MGBC161175
iMGMC	MGBC162360
iMGMC	MGBC162392
iMGMC	MGBC162430
iMGMC	MGBC162466
iMGMC	MGBC162740
iMGMC	MGBC162808
iMGMC	MGBC163158
iMGMC	MGBC163918
iMGMC	MGBC165444
iMGMC	MGBC167061
iMGMC	extra-SRR3539764.35
iMGMC	iMGMC-24
iMGMC	extra-SRR8581402.2
iMGMC	iMGMC-347
iMGMC	iMGMC-637
iMGMC	extra-SRR8581397.1
iMGMC	extra-SRR6216947.8
iMGMC	extra-SRR2665308.10
iMGMC	single-wildmice_C1244.18
iMGMC	iMGMC-18
iMGMC	extra-SRR8581397.2
iMGMC	extra-SRR2665308.12
iMGMC	MGBC104324
iMGMC	MGBC110565
iMGMC	MGBC105490
iMGMC	MGBC131955
iMGMC	MGBC162966
iMGMC	MGBC113195
iMGMC	MGBC143808
iMGMC	MGBC135601
iMGMC	MGBC133623
iMGMC	MGBC135730
iMGMC	MGBC101100
iMGMC	MGBC116964
iMGMC	MGBC143234
iMGMC	MGBC111476
iMGMC	MGBC104799
iMGMC	MGBC133433
iMGMC	MGBC113609
iMGMC	MGBC165708
iMGMC	MGBC152290
iMGMC	MGBC105045
iMGMC	MGBC165885
iMGMC	MGBC139270
iMGMC	MGBC108169
iMGMC	MGBC118072
iMGMC	MGBC100163
iMGMC	MGBC108044
iMGMC	MGBC110834
iMGMC	MGBC156312
iMGMC	MGBC105056
iMGMC	MGBC114452
iMGMC	MGBC152734
iMGMC	MGBC103294
iMGMC	MGBC100138
iMGMC	MGBC119115
iMGMC	MGBC105264
iMGMC	MGBC100019
iMGMC	MGBC105593
iMGMC	MGBC128991
iMGMC	MGBC106841
iMGMC	MGBC163040
iMGMC	MGBC111877
iMGMC	MGBC140522
iMGMC	MGBC112867
iMGMC	MGBC112435
iMGMC	MGBC102923
iMGMC	MGBC153228
iMGMC	MGBC103508
iMGMC	MGBC104426
iMGMC	MGBC114255
iMGMC	MGBC104416
iMGMC	MGBC117087
iMGMC	MGBC164577
iMGMC	MGBC143869
iMGMC	MGBC159717
iMGMC	MGBC153954
iMGMC	MGBC108134
iMGMC	MGBC113320
iMGMC	MGBC113403
iMGMC	MGBC161558
iMGMC	MGBC110198
iMGMC	MGBC101403
iMGMC	MGBC142695
iMGMC	MGBC165515
iMGMC	MGBC109474
iMGMC	MGBC140491
iMGMC	MGBC110562
iMGMC	MGBC111445
iMGMC	MGBC110670
iMGMC	MGBC102213
iMGMC	MGBC157936
iMGMC	MGBC142302
iMGMC	MGBC110513
iMGMC	MGBC139916
iMGMC	MGBC163017
iMGMC	MGBC143807
iMGMC	MGBC104261
iMGMC	MGBC116833
iMGMC	MGBC104726
iMGMC	MGBC125940
iMGMC	MGBC111863
iMGMC	MGBC103317
iMGMC	MGBC116941
iMGMC	MGBC104323
iMGMC	MGBC107741
iMGMC	MGBC104987
iMGMC	MGBC104636
iMGMC	MGBC142924
iMGMC	MGBC110388
iMGMC	MGBC000042
iMGMC	MGBC105346
iMGMC	MGBC164501
iMGMC	MGBC165187
iMGMC	MGBC163961
iMGMC	MGBC000147
iMGMC	MGBC139950
iMGMC	MGBC163165
iMGMC	MGBC107952
iMGMC	MGBC113645
iMGMC	MGBC163490
iMGMC	MGBC139354
iMGMC	MGBC137871
iMGMC	MGBC111601
iMGMC	MGBC118066
iMGMC	MGBC161736
iMGMC	MGBC129856
iMGMC	MGBC127997
iMGMC	MGBC164624
iMGMC	MGBC156923
iMGMC	MGBC134914
iMGMC	MGBC163973
iMGMC	MGBC108787
iMGMC	MGBC162508
iMGMC	MGBC143965
iMGMC	MGBC108895
iMGMC	MGBC159740
iMGMC	MGBC162876
iMGMC	MGBC158472
iMGMC	MGBC107581
iMGMC	MGBC105483
iMGMC	MGBC129052
iMGMC	MGBC162829
iMGMC	MGBC135946
iMGMC	MGBC152421
iMGMC	MGBC152639
iMGMC	MGBC146938
iMGMC	MGBC130616
iMGMC	MGBC162833
iMGMC	MGBC148030
iMGMC	MGBC157066
iMGMC	MGBC162943
iMGMC	MGBC157705
iMGMC	MGBC152987
iMGMC	MGBC128313
iMGMC	MGBC134176
iMGMC	MGBC114492
iMGMC	MGBC107459
iMGMC	MGBC104819
iMGMC	MGBC104908
iMGMC	MGBC111253
iMGMC	MGBC162018
iMGMC	MGBC109634
iMGMC	MGBC112619
iMGMC	MGBC128948
iMGMC	MGBC110736
iMGMC	MGBC115043
iMGMC	MGBC106726
iMGMC	MGBC105284
iMGMC	MGBC105042
iMGMC	MGBC113161
iMGMC	MGBC159744
iMGMC	MGBC158044
iMGMC	MGBC136074
iMGMC	MGBC143123
iMGMC	MGBC107413
iMGMC	MGBC114095
iMGMC	MGBC107029
iMGMC	MGBC105053
iMGMC	MGBC118395
iMGMC	MGBC103718
iMGMC	MGBC161649
iMGMC	MGBC137892
iMGMC	MGBC110487
iMGMC	MGBC165041
iMGMC	MGBC104832
iMGMC	MGBC100798
iMGMC	MGBC121002
iMGMC	MGBC162486
iMGMC	MGBC128953
iMGMC	MGBC131967
iMGMC	MGBC163564
iMGMC	MGBC162170
iMGMC	MGBC157731
iMGMC	MGBC114079
iMGMC	MGBC153675
iMGMC	MGBC143961
iMGMC	MGBC143601
iMGMC	MGBC120929
iMGMC	MGBC129327
iMGMC	MGBC110633
iMGMC	MGBC139800
iMGMC	MGBC100127
iMGMC	MGBC120247
iMGMC	MGBC121343
iMGMC	MGBC101131
iMGMC	MGBC103721
iMGMC	MGBC117829
iMGMC	MGBC100158
iMGMC	MGBC117665
iMGMC	MGBC107251
iMGMC	MGBC113686
iMGMC	MGBC166137
iMGMC	MGBC105563
iMGMC	MGBC142214
iMGMC	MGBC163852
iMGMC	MGBC100415
iMGMC	MGBC113668
iMGMC	MGBC136929
iMGMC	MGBC140709
iMGMC	MGBC129232
iMGMC	MGBC107932
iMGMC	MGBC136875
iMGMC	MGBC000161
iMGMC	MGBC126105
iMGMC	MGBC132108
iMGMC	MGBC166238
iMGMC	MGBC100369
iMGMC	MGBC114398
iMGMC	MGBC129472
iMGMC	MGBC164404
iMGMC	MGBC140179
iMGMC	MGBC164205
iMGMC	MGBC143167
iMGMC	MGBC106873
iMGMC	MGBC000141
iMGMC	MGBC129548
iMGMC	MGBC136627
iMGMC	MGBC113616
iMGMC	MGBC105353
iMGMC	MGBC103678
iMGMC	MGBC116946
iMGMC	MGBC000111
iMGMC	MGBC000158
iMGMC	MGBC115029
iMGMC	MGBC111235
iMGMC	MGBC117094
iMGMC	MGBC000003
iMGMC	MGBC000080
iMGMC	MGBC107888
iMGMC	MGBC129764
iMGMC	MGBC116392
iMGMC	MGBC109699
iMGMC	MGBC113809
iMGMC	MGBC116970
iMGMC	MGBC000041
iMGMC	MGBC116935
iMGMC	MGBC130580
iMGMC	MGBC000112
iMGMC	MGBC164771
iMGMC	MGBC122214
iMGMC	MGBC113289
iMGMC	MGBC166763
iMGMC	MGBC108656
iMGMC	MGBC121271
iMGMC	MGBC166500
iMGMC	MGBC000001
iMGMC	MGBC100288
iMGMC	MGBC108918
iMGMC	MGBC111451
iMGMC	MGBC164289
iMGMC	MGBC164599
iMGMC	MGBC102897
iMGMC	MGBC140066
iMGMC	MGBC100084
iMGMC	MGBC108016
iMGMC	MGBC135302
iMGMC	MGBC132469
iMGMC	MGBC100172
iMGMC	MGBC162921
iMGMC	MGBC130615
iMGMC	MGBC110941
iMGMC	MGBC108457
iMGMC	MGBC158835
iMGMC	MGBC119012
iMGMC	MGBC104938
iMGMC	MGBC104699
iMGMC	MGBC119292
iMGMC	MGBC130214
iMGMC	MGBC104195
iMGMC	MGBC137941
iMGMC	MGBC109838
iMGMC	MGBC143594
iMGMC	MGBC103936
iMGMC	MGBC118028
iMGMC	MGBC164593
iMGMC	MGBC111501
iMGMC	MGBC100967
iMGMC	MGBC129998
iMGMC	MGBC165061
iMGMC	MGBC163558
iMGMC	MGBC117378
iMGMC	MGBC139909
iMGMC	MGBC000078
iMGMC	MGBC108684
iMGMC	MGBC000200
iMGMC	MGBC000171
iMGMC	MGBC000269
iMGMC	MGBC132302
iMGMC	MGBC105132
iMGMC	MGBC000116
iMGMC	MGBC105174
iMGMC	MGBC106896
iMGMC	MGBC121754
iMGMC	MGBC119923
iMGMC	MGBC113602
iMGMC	MGBC114924
iMGMC	MGBC128103
iMGMC	MGBC129736
iMGMC	MGBC110001
iMGMC	MGBC128780
iMGMC	MGBC158517
iMGMC	MGBC119765
iMGMC	MGBC117495
iMGMC	MGBC108519
iMGMC	MGBC114200
iMGMC	MGBC113942
iMGMC	MGBC111446
iMGMC	MGBC111861
iMGMC	MGBC130266
iMGMC	MGBC104969
iMGMC	MGBC105404
iMGMC	MGBC163085
iMGMC	MGBC149507
iMGMC	MGBC106400
iMGMC	MGBC153991
iMGMC	MGBC107218
iMGMC	MGBC108720
iMGMC	MGBC140906
iMGMC	MGBC101899
iMGMC	MGBC158728
iMGMC	MGBC131258
iMGMC	MGBC108897
iMGMC	MGBC143115
iMGMC	MGBC167064
iMGMC	MGBC107550
iMGMC	MGBC111450
iMGMC	MGBC103686
iMGMC	MGBC140196
iMGMC	MGBC140242
iMGMC	MGBC111722
iMGMC	MGBC100069
iMGMC	MGBC100230
iMGMC	MGBC116954
iMGMC	MGBC132356
iMGMC	MGBC111479
iMGMC	MGBC167004
iMGMC	MGBC131735
iMGMC	MGBC117436
iMGMC	MGBC000118
iMGMC	MGBC100164
iMGMC	MGBC131033
iMGMC	MGBC164692
iMGMC	MGBC113951
iMGMC	MGBC113244
iMGMC	MGBC164422
iMGMC	MGBC164303
iMGMC	MGBC161823
iMGMC	MGBC104949
iMGMC	MGBC165282
iMGMC	MGBC107450
iMGMC	MGBC139669
iMGMC	MGBC146413
iMGMC	MGBC100080
iMGMC	MGBC113460
iMGMC	MGBC141809
iMGMC	MGBC161419
iMGMC	MGBC165132
iMGMC	MGBC154526
iMGMC	MGBC143606
iMGMC	MGBC151438
iMGMC	MGBC165152
iMGMC	MGBC163421
iMGMC	MGBC134341
iMGMC	MGBC143556
iMGMC	MGBC105925
iMGMC	MGBC114603
iMGMC	MGBC101044
iMGMC	MGBC101207
iMGMC	MGBC105224
iMGMC	MGBC161056
iMGMC	MGBC129275
iMGMC	MGBC123032
iMGMC	MGBC105120
iMGMC	MGBC116460
iMGMC	MGBC105279
iMGMC	MGBC143118
iMGMC	MGBC108232
iMGMC	MGBC107221
iMGMC	MGBC114950
iMGMC	MGBC113999
iMGMC	MGBC145421
iMGMC	MGBC135202
iMGMC	MGBC115396
iMGMC	MGBC114681
iMGMC	MGBC117419
iMGMC	MGBC113610
iMGMC	MGBC111351
iMGMC	MGBC140159
iMGMC	MGBC108766
iMGMC	MGBC140131
iMGMC	MGBC159247
iMGMC	MGBC125142
iMGMC	MGBC100310
iMGMC	MGBC118768
iMGMC	MGBC122974
iMGMC	MGBC105242
iMGMC	MGBC132220
iMGMC	MGBC163656
iMGMC	MGBC117628
iMGMC	MGBC110447
iMGMC	MGBC147959
iMGMC	MGBC129690
iMGMC	MGBC116657
iMGMC	MGBC140221
iMGMC	MGBC101489
iMGMC	MGBC162151
iMGMC	MGBC165149
iMGMC	MGBC113998
iMGMC	MGBC129547
iMGMC	MGBC130908
iMGMC	MGBC130773
iMGMC	MGBC000219
iMGMC	MGBC117467
iMGMC	MGBC107002
iMGMC	MGBC130483
iMGMC	MGBC119940
iMGMC	MGBC104730
iMGMC	MGBC139490
iMGMC	MGBC139512
iMGMC	MGBC166616
iMGMC	MGBC100342
iMGMC	MGBC165605
iMGMC	MGBC166864
iMGMC	MGBC164316
iMGMC	MGBC104031
iMGMC	MGBC101638
iMGMC	MGBC116940
iMGMC	MGBC131887
iMGMC	MGBC000170
iMGMC	MGBC129933
iMGMC	MGBC165049
iMGMC	MGBC161412
iMGMC	MGBC131118
iMGMC	MGBC156614
iMGMC	MGBC131995
iMGMC	MGBC163738
iMGMC	MGBC118027
iMGMC	MGBC137839
iMGMC	MGBC164450
iMGMC	MGBC130490
iMGMC	MGBC142035
iMGMC	MGBC163323
iMGMC	MGBC142608
iMGMC	MGBC165023
iMGMC	MGBC105340
iMGMC	MGBC105122
iMGMC	MGBC105355
iMGMC	MGBC164298
iMGMC	MGBC129633
iMGMC	MGBC164417
iMGMC	MGBC105519
iMGMC	MGBC129914
iMGMC	MGBC000489
iMGMC	MGBC134540
iMGMC	MGBC127872
iMGMC	MGBC140257
iMGMC	MGBC104963
iMGMC	MGBC164609
iMGMC	MGBC136833
iMGMC	MGBC109121
iMGMC	MGBC109100
iMGMC	MGBC108922
iMGMC	MGBC112108
iMGMC	MGBC117610
iMGMC	MGBC129303
iMGMC	MGBC109914
iMGMC	MGBC162040
iMGMC	MGBC136623
iMGMC	MGBC161672
iMGMC	MGBC108936
iMGMC	MGBC117744
iMGMC	MGBC104027
iMGMC	MGBC164430
iMGMC	MGBC130208
iMGMC	MGBC101978
iMGMC	MGBC131504
iMGMC	MGBC161747
iMGMC	MGBC114107
iMGMC	MGBC115181
iMGMC	MGBC104191
iMGMC	MGBC163303
iMGMC	MGBC161115
iMGMC	MGBC114113
iMGMC	MGBC109982
iMGMC	MGBC108722
iMGMC	MGBC104380
iMGMC	MGBC116724
iMGMC	MGBC162663
iMGMC	MGBC107693
iMGMC	MGBC109106
iMGMC	MGBC162871
iMGMC	MGBC113841
iMGMC	MGBC155975
iMGMC	MGBC116682
iMGMC	MGBC152423
iMGMC	MGBC159253
iMGMC	MGBC117253
iMGMC	MGBC104717
iMGMC	MGBC105270
iMGMC	MGBC000538
iMGMC	MGBC165440
iMGMC	MGBC163672
iMGMC	MGBC116689
iMGMC	MGBC105408
iMGMC	MGBC000555
iMGMC	MGBC000548
iMGMC	MGBC101916
iMGMC	MGBC129708
iMGMC	MGBC000533
iMGMC	MGBC000120
iMGMC	MGBC140748
iMGMC	MGBC135451
iMGMC	MGBC000503
iMGMC	MGBC151848
iMGMC	MGBC165025
iMGMC	MGBC163752
iMGMC	MGBC133411
iMGMC	MGBC160833
iMGMC	MGBC104355
iMGMC	MGBC101285
iMGMC	MGBC110551
iMGMC	MGBC103445
iMGMC	MGBC110621
iMGMC	MGBC165308
iMGMC	MGBC162746
iMGMC	MGBC137711
iMGMC	MGBC124430
iMGMC	MGBC110401
iMGMC	MGBC162742
iMGMC	MGBC129722
iMGMC	MGBC147835
iMGMC	MGBC143865
iMGMC	MGBC113373
iMGMC	MGBC157433
iMGMC	genome
iMGMC	iMGMC-613.fa
iMGMC	iMGMC-495.fa
iMGMC	iMGMC-520.fa
iMGMC	iMGMC-448.fa
iMGMC	single-China_MH-6-5_111223.47.fa
iMGMC	iMGMC-349.fa
iMGMC	iMGMC-526.fa
iMGMC	iMGMC-522.fa
iMGMC	iMGMC-707.fa
iMGMC	iMGMC-700.fa
iMGMC	extra-ERR2497919.1.fa
iMGMC	iMGMC-998.fa
iMGMC	extra-ERR2497921.29.fa
iMGMC	extra-ERR2497917.11.fa
iMGMC	single-China_S-Fe10_120417.68.fa
iMGMC	iMGMC-791.fa
iMGMC	extra-SRR5580762.111.fa
iMGMC	iMGMC-983.fa
iMGMC	iMGMC-767.fa
iMGMC	iMGMC-631.fa
iMGMC	iMGMC-748.fa
iMGMC	iMGMC-890.fa
iMGMC	iMGMC-903.fa
iMGMC	iMGMC-785.fa
iMGMC	iMGMC-186.fa
iMGMC	iMGMC-505.fa
iMGMC	iMGMC-392.fa
iMGMC	iMGMC-715.fa
iMGMC	iMGMC-823.fa
iMGMC	extra-SRR7533640.105.fa
iMGMC	extra-SRR4116657.37.fa
iMGMC	iMGMC-609.fa
iMGMC	extra-ERR2497921.17.fa
iMGMC	iMGMC-719.fa
iMGMC	iMGMC-281.fa
iMGMC	iMGMC-481.fa
iMGMC	iMGMC-425.fa
iMGMC	iMGMC-686.fa
iMGMC	extra-ERR2136562.13.fa
iMGMC	iMGMC-325.fa
iMGMC	single-wildmice_C1244.71.fa
iMGMC	extra-SRR8291360.4.fa
iMGMC	extra-SRR4116675.55.fa
iMGMC	iMGMC-467.fa
iMGMC	iMGMC-66.fa
iMGMC	iMGMC-252.fa
iMGMC	iMGMC-357.fa
iMGMC	iMGMC-355.fa
iMGMC	iMGMC-135.fa
iMGMC	iMGMC-232.fa
iMGMC	extra-DRR014734.30.fa
iMGMC	extra-SRR4116664.34.fa
iMGMC	iMGMC-345.fa
iMGMC	iMGMC-116.fa
iMGMC	iMGMC-270.fa
iMGMC	extra-ERR1762123.5.fa
iMGMC	iMGMC-101.fa
iMGMC	iMGMC-104.fa
iMGMC	single-wildmice_C1242.30.fa
iMGMC	iMGMC-361.fa
iMGMC	iMGMC-413.fa
iMGMC	extra-SRR7533640.83.fa
iMGMC	iMGMC-77.fa
iMGMC	extra-SRR8291366.41.fa
iMGMC	iMGMC-348.fa
iMGMC	iMGMC-250.fa
iMGMC	iMGMC-69.fa
iMGMC	iMGMC-192.fa
iMGMC	iMGMC-103.fa
iMGMC	iMGMC-612.fa
iMGMC	extra-SRR8291359.10.fa
iMGMC	iMGMC-218.fa
iMGMC	iMGMC-226.fa
iMGMC	iMGMC-835.fa
iMGMC	single-China_MH-0-3_111223.68.fa
iMGMC	iMGMC-685.fa
iMGMC	iMGMC-816.fa
iMGMC	iMGMC-833.fa
iMGMC	iMGMC-174.fa
iMGMC	iMGMC-394.fa
iMGMC	iMGMC-468.fa
iMGMC	extra-SRR8443412.14.fa
iMGMC	extra-ERR1762131.8.fa
iMGMC	iMGMC-193.fa
iMGMC	iMGMC-389.fa
iMGMC	iMGMC-297.fa
iMGMC	iMGMC-285.fa
iMGMC	single-China_S-Fe20_120416.73.fa
iMGMC	iMGMC-291.fa
iMGMC	single-wildmice_C1238.29.fa
iMGMC	extra-SRR5927712.23.fa
iMGMC	extra-SRR4116664.64.fa
iMGMC	single-wildmice_C1240.24.fa
iMGMC	extra-SRR8291367.63.fa
iMGMC	iMGMC-558.fa
iMGMC	iMGMC-545.fa
iMGMC	iMGMC-313.fa
iMGMC	iMGMC-644.fa
iMGMC	iMGMC-568.fa
iMGMC	iMGMC-574.fa
iMGMC	iMGMC-804.fa
iMGMC	extra-SRR5580763.134.fa
iMGMC	extra-SRR5580761.40.fa
iMGMC	extra-ERR2497919.16.fa
iMGMC	iMGMC-554.fa
MCC	MGBC000001
MCC	MGBC000003
MCC	MGBC000011
MCC	MGBC000013
MCC	MGBC000018
MCC	MGBC000019
MCC	MGBC000020
MCC	MGBC000029
MCC	MGBC000037
MCC	MGBC000041
MCC	MGBC000042
MCC	MGBC000050
MCC	MGBC000078
MCC	MGBC000080
MCC	MGBC000081
MCC	MGBC000083
MCC	MGBC000089
MCC	MGBC000100
MCC	MGBC000110
MCC	MGBC000111
MCC	MGBC000112
MCC	MGBC000113
MCC	MGBC000116
MCC	MGBC000118
MCC	MGBC000120
MCC	MGBC000134
MCC	MGBC000135
MCC	MGBC000137
MCC	MGBC000139
MCC	MGBC000141
MCC	MGBC000146
MCC	MGBC000147
MCC	MGBC000151
MCC	MGBC000153
MCC	MGBC000158
MCC	MGBC000161
MCC	MGBC000170
MCC	MGBC000171
MCC	MGBC000172
MCC	MGBC000176
MCC	MGBC000178
MCC	MGBC000183
MCC	MGBC000190
MCC	MGBC000199
MCC	MGBC000200
MCC	MGBC000203
MCC	MGBC000210
MCC	MGBC000217
MCC	MGBC000218
MCC	MGBC000219
MCC	MGBC000220
MCC	MGBC000224
MCC	MGBC000227
MCC	MGBC000234
MCC	MGBC000243
MCC	MGBC000251
MCC	MGBC000269
MCC	MGBC000275
MCC	MGBC000287
MCC	MGBC000320
MCC	MGBC000328
MCC	MGBC000334
MCC	MGBC000338
MCC	MGBC000348
MCC	MGBC000357
MCC	MGBC000359
MCC	MGBC000375
MCC	MGBC000377
MCC	MGBC000384
MCC	MGBC000395
MCC	MGBC000431
MCC	MGBC000441
MCC	MGBC000489
MCC	MGBC000574
MCC	MGBC101821
MCC	MGBC101916
MCC	MGBC102897
MCC	MGBC103140
MCC	MGBC103503
MCC	MGBC103686
MCC	MGBC104191
MCC	MGBC104650
MCC	MGBC104726
MCC	MGBC105132
MCC	MGBC105165
MCC	MGBC105519
MCC	MGBC105541
MCC	MGBC105567
MCC	MGBC106688
MCC	MGBC106896
MCC	MGBC109852
MCC	MGBC111853
MCC	MGBC112607
MCC	MGBC113583
MCC	MGBC115029
MCC	MGBC115827
MCC	MGBC116392
MCC	MGBC116472
MCC	MGBC116812
MCC	MGBC117094
MCC	MGBC118027
MCC	MGBC120535
MCC	MGBC128351
MCC	MGBC129157
MCC	MGBC129764
MCC	MGBC129998
MCC	MGBC130483
MCC	MGBC131161
MCC	MGBC132356
MCC	MGBC134540
MCC	MGBC135302
MCC	MGBC135575
MCC	MGBC136599
MCC	MGBC136833
MCC	MGBC142035
MCC	MGBC143931
MCC	MGBC144733
MCC	MGBC156614
MCC	MGBC156629
MCC	MGBC161412
MCC	MGBC162430
MCC	MGBC162466
MCC	MGBC163085
MCC	MGBC163421
MCC	MGBC163564
MCC	MGBC163752
MCC	MGBC163961
MCC	MGBC164203
MCC	MGBC164577
MCC	MGBC164771
MCC	MGBC165187
MCC	MGBC166864
MGBC_MAG	MGBC000011
MGBC_MAG	MGBC000013
MGBC_MAG	MGBC000029
MGBC_MAG	MGBC000037
MGBC_MAG	MGBC000041
MGBC_MAG	MGBC000042
MGBC_MAG	MGBC000080
MGBC_MAG	MGBC000081
MGBC_MAG	MGBC000089
MGBC_MAG	MGBC000110
MGBC_MAG	MGBC000111
MGBC_MAG	MGBC000112
MGBC_MAG	MGBC000113
MGBC_MAG	MGBC000116
MGBC_MAG	MGBC000137
MGBC_MAG	MGBC000141
MGBC_MAG	MGBC000147
MGBC_MAG	MGBC000158
MGBC_MAG	MGBC000161
MGBC_MAG	MGBC000170
MGBC_MAG	MGBC000171
MGBC_MAG	MGBC000183
MGBC_MAG	MGBC000190
MGBC_MAG	MGBC000200
MGBC_MAG	MGBC000210
MGBC_MAG	MGBC000217
MGBC_MAG	MGBC000219
MGBC_MAG	MGBC000275
MGBC_MAG	MGBC000322
MGBC_MAG	MGBC000324
MGBC_MAG	MGBC000328
MGBC_MAG	MGBC000334
MGBC_MAG	MGBC000343
MGBC_MAG	MGBC000348
MGBC_MAG	MGBC000355
MGBC_MAG	MGBC000357
MGBC_MAG	MGBC000359
MGBC_MAG	MGBC000375
MGBC_MAG	MGBC000377
MGBC_MAG	MGBC000384
MGBC_MAG	MGBC000393
MGBC_MAG	MGBC000395
MGBC_MAG	MGBC000425
MGBC_MAG	MGBC000441
MGBC_MAG	MGBC000444
MGBC_MAG	MGBC000451
MGBC_MAG	MGBC000455
MGBC_MAG	MGBC000461
MGBC_MAG	MGBC000465
MGBC_MAG	MGBC000480
MGBC_MAG	MGBC000489
MGBC_MAG	MGBC000500
MGBC_MAG	MGBC000503
MGBC_MAG	MGBC000527
MGBC_MAG	MGBC000533
MGBC_MAG	MGBC000555
MGBC_MAG	MGBC000574
MGBC_MAG	MGBC000588
MGBC_MAG	MGBC100019
MGBC_MAG	MGBC100069
MGBC_MAG	MGBC100080
MGBC_MAG	MGBC100084
MGBC_MAG	MGBC100111
MGBC_MAG	MGBC100127
MGBC_MAG	MGBC100138
MGBC_MAG	MGBC100158
MGBC_MAG	MGBC100162
MGBC_MAG	MGBC100163
MGBC_MAG	MGBC100164
MGBC_MAG	MGBC100172
MGBC_MAG	MGBC100174
MGBC_MAG	MGBC100230
MGBC_MAG	MGBC100255
MGBC_MAG	MGBC100264
MGBC_MAG	MGBC100288
MGBC_MAG	MGBC100310
MGBC_MAG	MGBC100320
MGBC_MAG	MGBC100342
MGBC_MAG	MGBC100369
MGBC_MAG	MGBC100415
MGBC_MAG	MGBC100798
MGBC_MAG	MGBC100967
MGBC_MAG	MGBC101044
MGBC_MAG	MGBC101100
MGBC_MAG	MGBC101131
MGBC_MAG	MGBC101207
MGBC_MAG	MGBC101285
MGBC_MAG	MGBC101403
MGBC_MAG	MGBC101489
MGBC_MAG	MGBC101638
MGBC_MAG	MGBC101821
MGBC_MAG	MGBC101899
MGBC_MAG	MGBC101916
MGBC_MAG	MGBC101917
MGBC_MAG	MGBC101923
MGBC_MAG	MGBC101977
MGBC_MAG	MGBC101978
MGBC_MAG	MGBC101980
MGBC_MAG	MGBC102041
MGBC_MAG	MGBC102213
MGBC_MAG	MGBC102277
MGBC_MAG	MGBC102441
MGBC_MAG	MGBC102794
MGBC_MAG	MGBC102829
MGBC_MAG	MGBC102897
MGBC_MAG	MGBC102923
MGBC_MAG	MGBC102946
MGBC_MAG	MGBC102972
MGBC_MAG	MGBC103056
MGBC_MAG	MGBC103062
MGBC_MAG	MGBC103140
MGBC_MAG	MGBC103219
MGBC_MAG	MGBC103251
MGBC_MAG	MGBC103294
MGBC_MAG	MGBC103306
MGBC_MAG	MGBC103317
MGBC_MAG	MGBC103325
MGBC_MAG	MGBC103329
MGBC_MAG	MGBC103338
MGBC_MAG	MGBC103387
MGBC_MAG	MGBC103398
MGBC_MAG	MGBC103445
MGBC_MAG	MGBC103454
MGBC_MAG	MGBC103458
MGBC_MAG	MGBC103503
MGBC_MAG	MGBC103508
MGBC_MAG	MGBC103592
MGBC_MAG	MGBC103678
MGBC_MAG	MGBC103686
MGBC_MAG	MGBC103718
MGBC_MAG	MGBC103721
MGBC_MAG	MGBC103936
MGBC_MAG	MGBC104027
MGBC_MAG	MGBC104031
MGBC_MAG	MGBC104191
MGBC_MAG	MGBC104195
MGBC_MAG	MGBC104239
MGBC_MAG	MGBC104261
MGBC_MAG	MGBC104323
MGBC_MAG	MGBC104324
MGBC_MAG	MGBC104355
MGBC_MAG	MGBC104380
MGBC_MAG	MGBC104416
MGBC_MAG	MGBC104426
MGBC_MAG	MGBC104636
MGBC_MAG	MGBC104650
MGBC_MAG	MGBC104683
MGBC_MAG	MGBC104699
MGBC_MAG	MGBC104717
MGBC_MAG	MGBC104726
MGBC_MAG	MGBC104730
MGBC_MAG	MGBC104799
MGBC_MAG	MGBC104814
MGBC_MAG	MGBC104819
MGBC_MAG	MGBC104832
MGBC_MAG	MGBC104855
MGBC_MAG	MGBC104891
MGBC_MAG	MGBC104908
MGBC_MAG	MGBC104938
MGBC_MAG	MGBC104949
MGBC_MAG	MGBC104963
MGBC_MAG	MGBC104969
MGBC_MAG	MGBC104987
MGBC_MAG	MGBC105003
MGBC_MAG	MGBC105042
MGBC_MAG	MGBC105045
MGBC_MAG	MGBC105053
MGBC_MAG	MGBC105056
MGBC_MAG	MGBC105120
MGBC_MAG	MGBC105122
MGBC_MAG	MGBC105132
MGBC_MAG	MGBC105142
MGBC_MAG	MGBC105161
MGBC_MAG	MGBC105165
MGBC_MAG	MGBC105174
MGBC_MAG	MGBC105190
MGBC_MAG	MGBC105224
MGBC_MAG	MGBC105242
MGBC_MAG	MGBC105254
MGBC_MAG	MGBC105264
MGBC_MAG	MGBC105270
MGBC_MAG	MGBC105279
MGBC_MAG	MGBC105282
MGBC_MAG	MGBC105284
MGBC_MAG	MGBC105311
MGBC_MAG	MGBC105340
MGBC_MAG	MGBC105346
MGBC_MAG	MGBC105353
MGBC_MAG	MGBC105355
MGBC_MAG	MGBC105391
MGBC_MAG	MGBC105404
MGBC_MAG	MGBC105408
MGBC_MAG	MGBC105409
MGBC_MAG	MGBC105438
MGBC_MAG	MGBC105482
MGBC_MAG	MGBC105483
MGBC_MAG	MGBC105490
MGBC_MAG	MGBC105519
MGBC_MAG	MGBC105541
MGBC_MAG	MGBC105563
MGBC_MAG	MGBC105567
MGBC_MAG	MGBC105593
MGBC_MAG	MGBC105925
MGBC_MAG	MGBC106096
MGBC_MAG	MGBC106400
MGBC_MAG	MGBC106688
MGBC_MAG	MGBC106726
MGBC_MAG	MGBC106841
MGBC_MAG	MGBC106873
MGBC_MAG	MGBC106896
MGBC_MAG	MGBC106904
MGBC_MAG	MGBC106958
MGBC_MAG	MGBC107002
MGBC_MAG	MGBC107029
MGBC_MAG	MGBC107218
MGBC_MAG	MGBC107221
MGBC_MAG	MGBC107251
MGBC_MAG	MGBC107413
MGBC_MAG	MGBC107450
MGBC_MAG	MGBC107459
MGBC_MAG	MGBC107550
MGBC_MAG	MGBC107581
MGBC_MAG	MGBC107693
MGBC_MAG	MGBC107741
MGBC_MAG	MGBC107888
MGBC_MAG	MGBC107897
MGBC_MAG	MGBC107915
MGBC_MAG	MGBC107932
MGBC_MAG	MGBC107952
MGBC_MAG	MGBC107953
MGBC_MAG	MGBC107955
MGBC_MAG	MGBC108016
MGBC_MAG	MGBC108027
MGBC_MAG	MGBC108044
MGBC_MAG	MGBC108064
MGBC_MAG	MGBC108110
MGBC_MAG	MGBC108134
MGBC_MAG	MGBC108169
MGBC_MAG	MGBC108232
MGBC_MAG	MGBC108286
MGBC_MAG	MGBC108415
MGBC_MAG	MGBC108457
MGBC_MAG	MGBC108519
MGBC_MAG	MGBC108656
MGBC_MAG	MGBC108684
MGBC_MAG	MGBC108697
MGBC_MAG	MGBC108720
MGBC_MAG	MGBC108722
MGBC_MAG	MGBC108766
MGBC_MAG	MGBC108787
MGBC_MAG	MGBC108822
MGBC_MAG	MGBC108887
MGBC_MAG	MGBC108895
MGBC_MAG	MGBC108897
MGBC_MAG	MGBC108899
MGBC_MAG	MGBC108918
MGBC_MAG	MGBC108922
MGBC_MAG	MGBC108936
MGBC_MAG	MGBC109100
MGBC_MAG	MGBC109106
MGBC_MAG	MGBC109121
MGBC_MAG	MGBC109474
MGBC_MAG	MGBC109634
MGBC_MAG	MGBC109699
MGBC_MAG	MGBC109742
MGBC_MAG	MGBC109838
MGBC_MAG	MGBC109852
MGBC_MAG	MGBC109898
MGBC_MAG	MGBC109914
MGBC_MAG	MGBC109982
MGBC_MAG	MGBC110001
MGBC_MAG	MGBC110046
MGBC_MAG	MGBC110096
MGBC_MAG	MGBC110107
MGBC_MAG	MGBC110134
MGBC_MAG	MGBC110188
MGBC_MAG	MGBC110191
MGBC_MAG	MGBC110198
MGBC_MAG	MGBC110213
MGBC_MAG	MGBC110218
MGBC_MAG	MGBC110346
MGBC_MAG	MGBC110388
MGBC_MAG	MGBC110401
MGBC_MAG	MGBC110404
MGBC_MAG	MGBC110447
MGBC_MAG	MGBC110487
MGBC_MAG	MGBC110513
MGBC_MAG	MGBC110551
MGBC_MAG	MGBC110562
MGBC_MAG	MGBC110565
MGBC_MAG	MGBC110621
MGBC_MAG	MGBC110633
MGBC_MAG	MGBC110670
MGBC_MAG	MGBC110736
MGBC_MAG	MGBC110745
MGBC_MAG	MGBC110790
MGBC_MAG	MGBC110822
MGBC_MAG	MGBC110834
MGBC_MAG	MGBC110941
MGBC_MAG	MGBC111235
MGBC_MAG	MGBC111253
MGBC_MAG	MGBC111351
MGBC_MAG	MGBC111394
MGBC_MAG	MGBC111445
MGBC_MAG	MGBC111446
MGBC_MAG	MGBC111450
MGBC_MAG	MGBC111451
MGBC_MAG	MGBC111476
MGBC_MAG	MGBC111479
MGBC_MAG	MGBC111495
MGBC_MAG	MGBC111501
MGBC_MAG	MGBC111586
MGBC_MAG	MGBC111601
MGBC_MAG	MGBC111722
MGBC_MAG	MGBC111853
MGBC_MAG	MGBC111861
MGBC_MAG	MGBC111863
MGBC_MAG	MGBC111873
MGBC_MAG	MGBC111877
MGBC_MAG	MGBC112108
MGBC_MAG	MGBC112435
MGBC_MAG	MGBC112607
MGBC_MAG	MGBC112619
MGBC_MAG	MGBC112850
MGBC_MAG	MGBC112867
MGBC_MAG	MGBC113161
MGBC_MAG	MGBC113184
MGBC_MAG	MGBC113195
MGBC_MAG	MGBC113208
MGBC_MAG	MGBC113244
MGBC_MAG	MGBC113262
MGBC_MAG	MGBC113289
MGBC_MAG	MGBC113320
MGBC_MAG	MGBC113373
MGBC_MAG	MGBC113403
MGBC_MAG	MGBC113460
MGBC_MAG	MGBC113473
MGBC_MAG	MGBC113509
MGBC_MAG	MGBC113583
MGBC_MAG	MGBC113602
MGBC_MAG	MGBC113609
MGBC_MAG	MGBC113610
MGBC_MAG	MGBC113616
MGBC_MAG	MGBC113645
MGBC_MAG	MGBC113668
MGBC_MAG	MGBC113686
MGBC_MAG	MGBC113809
MGBC_MAG	MGBC113841
MGBC_MAG	MGBC113844
MGBC_MAG	MGBC113942
MGBC_MAG	MGBC113951
MGBC_MAG	MGBC113998
MGBC_MAG	MGBC113999
MGBC_MAG	MGBC114079
MGBC_MAG	MGBC114095
MGBC_MAG	MGBC114107
MGBC_MAG	MGBC114113
MGBC_MAG	MGBC114200
MGBC_MAG	MGBC114255
MGBC_MAG	MGBC114289
MGBC_MAG	MGBC114398
MGBC_MAG	MGBC114452
MGBC_MAG	MGBC114492
MGBC_MAG	MGBC114583
MGBC_MAG	MGBC114603
MGBC_MAG	MGBC114681
MGBC_MAG	MGBC114818
MGBC_MAG	MGBC114844
MGBC_MAG	MGBC114845
MGBC_MAG	MGBC114912
MGBC_MAG	MGBC114913
MGBC_MAG	MGBC114924
MGBC_MAG	MGBC114937
MGBC_MAG	MGBC114950
MGBC_MAG	MGBC115029
MGBC_MAG	MGBC115043
MGBC_MAG	MGBC115109
MGBC_MAG	MGBC115181
MGBC_MAG	MGBC115182
MGBC_MAG	MGBC115325
MGBC_MAG	MGBC115383
MGBC_MAG	MGBC115396
MGBC_MAG	MGBC115827
MGBC_MAG	MGBC116389
MGBC_MAG	MGBC116391
MGBC_MAG	MGBC116392
MGBC_MAG	MGBC116396
MGBC_MAG	MGBC116409
MGBC_MAG	MGBC116419
MGBC_MAG	MGBC116426
MGBC_MAG	MGBC116427
MGBC_MAG	MGBC116430
MGBC_MAG	MGBC116435
MGBC_MAG	MGBC116453
MGBC_MAG	MGBC116460
MGBC_MAG	MGBC116472
MGBC_MAG	MGBC116657
MGBC_MAG	MGBC116682
MGBC_MAG	MGBC116689
MGBC_MAG	MGBC116724
MGBC_MAG	MGBC116812
MGBC_MAG	MGBC116833
MGBC_MAG	MGBC116935
MGBC_MAG	MGBC116940
MGBC_MAG	MGBC116941
MGBC_MAG	MGBC116946
MGBC_MAG	MGBC116954
MGBC_MAG	MGBC116964
MGBC_MAG	MGBC116970
MGBC_MAG	MGBC116972
MGBC_MAG	MGBC117087
MGBC_MAG	MGBC117094
MGBC_MAG	MGBC117240
MGBC_MAG	MGBC117253
MGBC_MAG	MGBC117295
MGBC_MAG	MGBC117378
MGBC_MAG	MGBC117419
MGBC_MAG	MGBC117436
MGBC_MAG	MGBC117467
MGBC_MAG	MGBC117495
MGBC_MAG	MGBC117562
MGBC_MAG	MGBC117610
MGBC_MAG	MGBC117628
MGBC_MAG	MGBC117665
MGBC_MAG	MGBC117744
MGBC_MAG	MGBC117829
MGBC_MAG	MGBC117992
MGBC_MAG	MGBC118027
MGBC_MAG	MGBC118028
MGBC_MAG	MGBC118047
MGBC_MAG	MGBC118066
MGBC_MAG	MGBC118072
MGBC_MAG	MGBC118087
MGBC_MAG	MGBC118190
MGBC_MAG	MGBC118394
MGBC_MAG	MGBC118395
MGBC_MAG	MGBC118412
MGBC_MAG	MGBC118434
MGBC_MAG	MGBC118768
MGBC_MAG	MGBC118889
MGBC_MAG	MGBC118957
MGBC_MAG	MGBC119012
MGBC_MAG	MGBC119074
MGBC_MAG	MGBC119075
MGBC_MAG	MGBC119114
MGBC_MAG	MGBC119115
MGBC_MAG	MGBC119269
MGBC_MAG	MGBC119292
MGBC_MAG	MGBC119341
MGBC_MAG	MGBC119345
MGBC_MAG	MGBC119608
MGBC_MAG	MGBC119653
MGBC_MAG	MGBC119725
MGBC_MAG	MGBC119734
MGBC_MAG	MGBC119765
MGBC_MAG	MGBC119771
MGBC_MAG	MGBC119817
MGBC_MAG	MGBC119835
MGBC_MAG	MGBC119866
MGBC_MAG	MGBC119923
MGBC_MAG	MGBC119928
MGBC_MAG	MGBC119940
MGBC_MAG	MGBC120045
MGBC_MAG	MGBC120144
MGBC_MAG	MGBC120187
MGBC_MAG	MGBC120236
MGBC_MAG	MGBC120247
MGBC_MAG	MGBC120314
MGBC_MAG	MGBC120343
MGBC_MAG	MGBC120354
MGBC_MAG	MGBC120363
MGBC_MAG	MGBC120460
MGBC_MAG	MGBC120535
MGBC_MAG	MGBC120617
MGBC_MAG	MGBC120805
MGBC_MAG	MGBC120887
MGBC_MAG	MGBC120897
MGBC_MAG	MGBC120929
MGBC_MAG	MGBC121002
MGBC_MAG	MGBC121089
MGBC_MAG	MGBC121214
MGBC_MAG	MGBC121271
MGBC_MAG	MGBC121343
MGBC_MAG	MGBC121596
MGBC_MAG	MGBC121705
MGBC_MAG	MGBC121754
MGBC_MAG	MGBC122214
MGBC_MAG	MGBC122240
MGBC_MAG	MGBC122324
MGBC_MAG	MGBC122397
MGBC_MAG	MGBC122484
MGBC_MAG	MGBC122486
MGBC_MAG	MGBC122606
MGBC_MAG	MGBC122614
MGBC_MAG	MGBC122639
MGBC_MAG	MGBC122917
MGBC_MAG	MGBC122974
MGBC_MAG	MGBC123004
MGBC_MAG	MGBC123009
MGBC_MAG	MGBC123032
MGBC_MAG	MGBC123049
MGBC_MAG	MGBC123065
MGBC_MAG	MGBC123224
MGBC_MAG	MGBC123285
MGBC_MAG	MGBC123372
MGBC_MAG	MGBC123461
MGBC_MAG	MGBC123502
MGBC_MAG	MGBC123503
MGBC_MAG	MGBC123542
MGBC_MAG	MGBC123563
MGBC_MAG	MGBC123773
MGBC_MAG	MGBC123815
MGBC_MAG	MGBC123817
MGBC_MAG	MGBC123951
MGBC_MAG	MGBC124430
MGBC_MAG	MGBC124655
MGBC_MAG	MGBC124762
MGBC_MAG	MGBC124771
MGBC_MAG	MGBC124931
MGBC_MAG	MGBC124934
MGBC_MAG	MGBC125006
MGBC_MAG	MGBC125037
MGBC_MAG	MGBC125142
MGBC_MAG	MGBC125209
MGBC_MAG	MGBC125215
MGBC_MAG	MGBC125253
MGBC_MAG	MGBC125399
MGBC_MAG	MGBC125446
MGBC_MAG	MGBC125736
MGBC_MAG	MGBC125940
MGBC_MAG	MGBC125952
MGBC_MAG	MGBC126105
MGBC_MAG	MGBC126123
MGBC_MAG	MGBC126140
MGBC_MAG	MGBC126149
MGBC_MAG	MGBC126305
MGBC_MAG	MGBC127200
MGBC_MAG	MGBC127367
MGBC_MAG	MGBC127554
MGBC_MAG	MGBC127601
MGBC_MAG	MGBC127629
MGBC_MAG	MGBC127631
MGBC_MAG	MGBC127674
MGBC_MAG	MGBC127872
MGBC_MAG	MGBC127878
MGBC_MAG	MGBC127947
MGBC_MAG	MGBC127997
MGBC_MAG	MGBC128010
MGBC_MAG	MGBC128103
MGBC_MAG	MGBC128194
MGBC_MAG	MGBC128220
MGBC_MAG	MGBC128295
MGBC_MAG	MGBC128313
MGBC_MAG	MGBC128351
MGBC_MAG	MGBC128373
MGBC_MAG	MGBC128419
MGBC_MAG	MGBC128531
MGBC_MAG	MGBC128759
MGBC_MAG	MGBC128762
MGBC_MAG	MGBC128780
MGBC_MAG	MGBC128920
MGBC_MAG	MGBC128938
MGBC_MAG	MGBC128948
MGBC_MAG	MGBC128953
MGBC_MAG	MGBC128991
MGBC_MAG	MGBC129052
MGBC_MAG	MGBC129154
MGBC_MAG	MGBC129157
MGBC_MAG	MGBC129192
MGBC_MAG	MGBC129207
MGBC_MAG	MGBC129221
MGBC_MAG	MGBC129232
MGBC_MAG	MGBC129248
MGBC_MAG	MGBC129263
MGBC_MAG	MGBC129270
MGBC_MAG	MGBC129275
MGBC_MAG	MGBC129284
MGBC_MAG	MGBC129303
MGBC_MAG	MGBC129315
MGBC_MAG	MGBC129327
MGBC_MAG	MGBC129342
MGBC_MAG	MGBC129349
MGBC_MAG	MGBC129472
MGBC_MAG	MGBC129547
MGBC_MAG	MGBC129548
MGBC_MAG	MGBC129633
MGBC_MAG	MGBC129690
MGBC_MAG	MGBC129708
MGBC_MAG	MGBC129722
MGBC_MAG	MGBC129725
MGBC_MAG	MGBC129736
MGBC_MAG	MGBC129764
MGBC_MAG	MGBC129856
MGBC_MAG	MGBC129914
MGBC_MAG	MGBC129933
MGBC_MAG	MGBC129937
MGBC_MAG	MGBC129972
MGBC_MAG	MGBC129998
MGBC_MAG	MGBC130208
MGBC_MAG	MGBC130214
MGBC_MAG	MGBC130266
MGBC_MAG	MGBC130362
MGBC_MAG	MGBC130483
MGBC_MAG	MGBC130490
MGBC_MAG	MGBC130525
MGBC_MAG	MGBC130580
MGBC_MAG	MGBC130615
MGBC_MAG	MGBC130616
MGBC_MAG	MGBC130773
MGBC_MAG	MGBC130809
MGBC_MAG	MGBC130908
MGBC_MAG	MGBC131033
MGBC_MAG	MGBC131066
MGBC_MAG	MGBC131109
MGBC_MAG	MGBC131118
MGBC_MAG	MGBC131161
MGBC_MAG	MGBC131258
MGBC_MAG	MGBC131349
MGBC_MAG	MGBC131384
MGBC_MAG	MGBC131385
MGBC_MAG	MGBC131434
MGBC_MAG	MGBC131504
MGBC_MAG	MGBC131677
MGBC_MAG	MGBC131735
MGBC_MAG	MGBC131886
MGBC_MAG	MGBC131887
MGBC_MAG	MGBC131955
MGBC_MAG	MGBC131967
MGBC_MAG	MGBC131977
MGBC_MAG	MGBC131995
MGBC_MAG	MGBC132108
MGBC_MAG	MGBC132220
MGBC_MAG	MGBC132292
MGBC_MAG	MGBC132302
MGBC_MAG	MGBC132356
MGBC_MAG	MGBC132469
MGBC_MAG	MGBC132531
MGBC_MAG	MGBC132548
MGBC_MAG	MGBC132858
MGBC_MAG	MGBC132965
MGBC_MAG	MGBC133064
MGBC_MAG	MGBC133411
MGBC_MAG	MGBC133433
MGBC_MAG	MGBC133623
MGBC_MAG	MGBC134176
MGBC_MAG	MGBC134341
MGBC_MAG	MGBC134540
MGBC_MAG	MGBC134914
MGBC_MAG	MGBC135202
MGBC_MAG	MGBC135302
MGBC_MAG	MGBC135451
MGBC_MAG	MGBC135575
MGBC_MAG	MGBC135576
MGBC_MAG	MGBC135601
MGBC_MAG	MGBC135721
MGBC_MAG	MGBC135730
MGBC_MAG	MGBC135946
MGBC_MAG	MGBC136074
MGBC_MAG	MGBC136599
MGBC_MAG	MGBC136623
MGBC_MAG	MGBC136627
MGBC_MAG	MGBC136833
MGBC_MAG	MGBC136875
MGBC_MAG	MGBC136929
MGBC_MAG	MGBC137200
MGBC_MAG	MGBC137711
MGBC_MAG	MGBC137839
MGBC_MAG	MGBC137871
MGBC_MAG	MGBC137892
MGBC_MAG	MGBC137941
MGBC_MAG	MGBC139270
MGBC_MAG	MGBC139341
MGBC_MAG	MGBC139354
MGBC_MAG	MGBC139400
MGBC_MAG	MGBC139490
MGBC_MAG	MGBC139511
MGBC_MAG	MGBC139512
MGBC_MAG	MGBC139654
MGBC_MAG	MGBC139665
MGBC_MAG	MGBC139669
MGBC_MAG	MGBC139783
MGBC_MAG	MGBC139800
MGBC_MAG	MGBC139812
MGBC_MAG	MGBC139895
MGBC_MAG	MGBC139909
MGBC_MAG	MGBC139916
MGBC_MAG	MGBC139950
MGBC_MAG	MGBC139975
MGBC_MAG	MGBC139981
MGBC_MAG	MGBC140009
MGBC_MAG	MGBC140028
MGBC_MAG	MGBC140040
MGBC_MAG	MGBC140066
MGBC_MAG	MGBC140090
MGBC_MAG	MGBC140115
MGBC_MAG	MGBC140131
MGBC_MAG	MGBC140159
MGBC_MAG	MGBC140179
MGBC_MAG	MGBC140196
MGBC_MAG	MGBC140221
MGBC_MAG	MGBC140242
MGBC_MAG	MGBC140257
MGBC_MAG	MGBC140398
MGBC_MAG	MGBC140467
MGBC_MAG	MGBC140491
MGBC_MAG	MGBC140522
MGBC_MAG	MGBC140579
MGBC_MAG	MGBC140709
MGBC_MAG	MGBC140748
MGBC_MAG	MGBC140906
MGBC_MAG	MGBC141088
MGBC_MAG	MGBC141809
MGBC_MAG	MGBC141815
MGBC_MAG	MGBC141840
MGBC_MAG	MGBC142035
MGBC_MAG	MGBC142124
MGBC_MAG	MGBC142214
MGBC_MAG	MGBC142302
MGBC_MAG	MGBC142332
MGBC_MAG	MGBC142465
MGBC_MAG	MGBC142608
MGBC_MAG	MGBC142695
MGBC_MAG	MGBC142918
MGBC_MAG	MGBC142924
MGBC_MAG	MGBC143053
MGBC_MAG	MGBC143115
MGBC_MAG	MGBC143118
MGBC_MAG	MGBC143123
MGBC_MAG	MGBC143167
MGBC_MAG	MGBC143173
MGBC_MAG	MGBC143234
MGBC_MAG	MGBC143306
MGBC_MAG	MGBC143446
MGBC_MAG	MGBC143456
MGBC_MAG	MGBC143556
MGBC_MAG	MGBC143594
MGBC_MAG	MGBC143601
MGBC_MAG	MGBC143606
MGBC_MAG	MGBC143610
MGBC_MAG	MGBC143693
MGBC_MAG	MGBC143734
MGBC_MAG	MGBC143741
MGBC_MAG	MGBC143759
MGBC_MAG	MGBC143782
MGBC_MAG	MGBC143783
MGBC_MAG	MGBC143807
MGBC_MAG	MGBC143808
MGBC_MAG	MGBC143865
MGBC_MAG	MGBC143869
MGBC_MAG	MGBC143931
MGBC_MAG	MGBC143961
MGBC_MAG	MGBC143965
MGBC_MAG	MGBC144528
MGBC_MAG	MGBC144733
MGBC_MAG	MGBC145212
MGBC_MAG	MGBC145421
MGBC_MAG	MGBC145961
MGBC_MAG	MGBC146413
MGBC_MAG	MGBC146759
MGBC_MAG	MGBC146938
MGBC_MAG	MGBC147098
MGBC_MAG	MGBC147835
MGBC_MAG	MGBC147959
MGBC_MAG	MGBC148030
MGBC_MAG	MGBC148330
MGBC_MAG	MGBC149507
MGBC_MAG	MGBC150235
MGBC_MAG	MGBC150826
MGBC_MAG	MGBC150949
MGBC_MAG	MGBC151438
MGBC_MAG	MGBC151524
MGBC_MAG	MGBC151848
MGBC_MAG	MGBC152050
MGBC_MAG	MGBC152089
MGBC_MAG	MGBC152178
MGBC_MAG	MGBC152290
MGBC_MAG	MGBC152421
MGBC_MAG	MGBC152423
MGBC_MAG	MGBC152544
MGBC_MAG	MGBC152639
MGBC_MAG	MGBC152734
MGBC_MAG	MGBC152987
MGBC_MAG	MGBC153020
MGBC_MAG	MGBC153228
MGBC_MAG	MGBC153675
MGBC_MAG	MGBC153954
MGBC_MAG	MGBC153991
MGBC_MAG	MGBC154005
MGBC_MAG	MGBC154526
MGBC_MAG	MGBC155283
MGBC_MAG	MGBC155975
MGBC_MAG	MGBC156312
MGBC_MAG	MGBC156614
MGBC_MAG	MGBC156628
MGBC_MAG	MGBC156629
MGBC_MAG	MGBC156923
MGBC_MAG	MGBC157066
MGBC_MAG	MGBC157102
MGBC_MAG	MGBC157384
MGBC_MAG	MGBC157385
MGBC_MAG	MGBC157433
MGBC_MAG	MGBC157434
MGBC_MAG	MGBC157594
MGBC_MAG	MGBC157705
MGBC_MAG	MGBC157731
MGBC_MAG	MGBC157735
MGBC_MAG	MGBC157936
MGBC_MAG	MGBC158032
MGBC_MAG	MGBC158044
MGBC_MAG	MGBC158299
MGBC_MAG	MGBC158372
MGBC_MAG	MGBC158472
MGBC_MAG	MGBC158517
MGBC_MAG	MGBC158728
MGBC_MAG	MGBC158835
MGBC_MAG	MGBC159243
MGBC_MAG	MGBC159247
MGBC_MAG	MGBC159253
MGBC_MAG	MGBC159717
MGBC_MAG	MGBC159740
MGBC_MAG	MGBC159744
MGBC_MAG	MGBC159851
MGBC_MAG	MGBC159923
MGBC_MAG	MGBC159935
MGBC_MAG	MGBC159988
MGBC_MAG	MGBC159997
MGBC_MAG	MGBC160000
MGBC_MAG	MGBC160006
MGBC_MAG	MGBC160019
MGBC_MAG	MGBC160026
MGBC_MAG	MGBC160578
MGBC_MAG	MGBC160833
MGBC_MAG	MGBC161056
MGBC_MAG	MGBC161115
MGBC_MAG	MGBC161128
MGBC_MAG	MGBC161175
MGBC_MAG	MGBC161191
MGBC_MAG	MGBC161213
MGBC_MAG	MGBC161412
MGBC_MAG	MGBC161418
MGBC_MAG	MGBC161419
MGBC_MAG	MGBC161554
MGBC_MAG	MGBC161558
MGBC_MAG	MGBC161624
MGBC_MAG	MGBC161649
MGBC_MAG	MGBC161672
MGBC_MAG	MGBC161676
MGBC_MAG	MGBC161736
MGBC_MAG	MGBC161747
MGBC_MAG	MGBC161755
MGBC_MAG	MGBC161823
MGBC_MAG	MGBC161919
MGBC_MAG	MGBC162018
MGBC_MAG	MGBC162040
MGBC_MAG	MGBC162081
MGBC_MAG	MGBC162097
MGBC_MAG	MGBC162151
MGBC_MAG	MGBC162170
MGBC_MAG	MGBC162267
MGBC_MAG	MGBC162268
MGBC_MAG	MGBC162360
MGBC_MAG	MGBC162392
MGBC_MAG	MGBC162393
MGBC_MAG	MGBC162430
MGBC_MAG	MGBC162466
MGBC_MAG	MGBC162486
MGBC_MAG	MGBC162508
MGBC_MAG	MGBC162518
MGBC_MAG	MGBC162555
MGBC_MAG	MGBC162581
MGBC_MAG	MGBC162663
MGBC_MAG	MGBC162740
MGBC_MAG	MGBC162742
MGBC_MAG	MGBC162746
MGBC_MAG	MGBC162798
MGBC_MAG	MGBC162806
MGBC_MAG	MGBC162808
MGBC_MAG	MGBC162824
MGBC_MAG	MGBC162829
MGBC_MAG	MGBC162832
MGBC_MAG	MGBC162833
MGBC_MAG	MGBC162871
MGBC_MAG	MGBC162876
MGBC_MAG	MGBC162888
MGBC_MAG	MGBC162917
MGBC_MAG	MGBC162921
MGBC_MAG	MGBC162943
MGBC_MAG	MGBC162966
MGBC_MAG	MGBC162980
MGBC_MAG	MGBC163016
MGBC_MAG	MGBC163017
MGBC_MAG	MGBC163040
MGBC_MAG	MGBC163085
MGBC_MAG	MGBC163158
MGBC_MAG	MGBC163165
MGBC_MAG	MGBC163303
MGBC_MAG	MGBC163323
MGBC_MAG	MGBC163329
MGBC_MAG	MGBC163421
MGBC_MAG	MGBC163448
MGBC_MAG	MGBC163490
MGBC_MAG	MGBC163510
MGBC_MAG	MGBC163511
MGBC_MAG	MGBC163558
MGBC_MAG	MGBC163564
MGBC_MAG	MGBC163656
MGBC_MAG	MGBC163672
MGBC_MAG	MGBC163738
MGBC_MAG	MGBC163752
MGBC_MAG	MGBC163836
MGBC_MAG	MGBC163852
MGBC_MAG	MGBC163918
MGBC_MAG	MGBC163952
MGBC_MAG	MGBC163961
MGBC_MAG	MGBC163973
MGBC_MAG	MGBC164018
MGBC_MAG	MGBC164045
MGBC_MAG	MGBC164203
MGBC_MAG	MGBC164205
MGBC_MAG	MGBC164289
MGBC_MAG	MGBC164298
MGBC_MAG	MGBC164303
MGBC_MAG	MGBC164316
MGBC_MAG	MGBC164402
MGBC_MAG	MGBC164404
MGBC_MAG	MGBC164417
MGBC_MAG	MGBC164422
MGBC_MAG	MGBC164430
MGBC_MAG	MGBC164450
MGBC_MAG	MGBC164454
MGBC_MAG	MGBC164455
MGBC_MAG	MGBC164501
MGBC_MAG	MGBC164577
MGBC_MAG	MGBC164593
MGBC_MAG	MGBC164599
MGBC_MAG	MGBC164609
MGBC_MAG	MGBC164624
MGBC_MAG	MGBC164692
MGBC_MAG	MGBC164714
MGBC_MAG	MGBC164771
MGBC_MAG	MGBC164801
MGBC_MAG	MGBC164932
MGBC_MAG	MGBC164958
MGBC_MAG	MGBC164983
MGBC_MAG	MGBC165015
MGBC_MAG	MGBC165019
MGBC_MAG	MGBC165023
MGBC_MAG	MGBC165025
MGBC_MAG	MGBC165041
MGBC_MAG	MGBC165045
MGBC_MAG	MGBC165049
MGBC_MAG	MGBC165060
MGBC_MAG	MGBC165061
MGBC_MAG	MGBC165132
MGBC_MAG	MGBC165149
MGBC_MAG	MGBC165152
MGBC_MAG	MGBC165187
MGBC_MAG	MGBC165261
MGBC_MAG	MGBC165282
MGBC_MAG	MGBC165308
MGBC_MAG	MGBC165345
MGBC_MAG	MGBC165376
MGBC_MAG	MGBC165440
MGBC_MAG	MGBC165444
MGBC_MAG	MGBC165515
MGBC_MAG	MGBC165561
MGBC_MAG	MGBC165605
MGBC_MAG	MGBC165708
MGBC_MAG	MGBC165752
MGBC_MAG	MGBC165885
MGBC_MAG	MGBC165900
MGBC_MAG	MGBC165935
MGBC_MAG	MGBC166049
MGBC_MAG	MGBC166137
MGBC_MAG	MGBC166178
MGBC_MAG	MGBC166183
MGBC_MAG	MGBC166213
MGBC_MAG	MGBC166238
MGBC_MAG	MGBC166381
MGBC_MAG	MGBC166390
MGBC_MAG	MGBC166434
MGBC_MAG	MGBC166500
MGBC_MAG	MGBC166616
MGBC_MAG	MGBC166701
MGBC_MAG	MGBC166763
MGBC_MAG	MGBC166828
MGBC_MAG	MGBC166864
MGBC_MAG	MGBC167004
MGBC_MAG	MGBC167061
MGBC_MAG	MGBC167064
MGBC_MAG	MGBC167141
mGMB	MGBC000001
mGMB	MGBC000011
mGMB	MGBC000042
mGMB	MGBC000100
mGMB	MGBC000110
mGMB	MGBC000134
mGMB	MGBC000139
mGMB	MGBC000183
mGMB	MGBC000220
mGMB	MGBC000227
mGMB	MGBC000328
mGMB	MGBC000334
mGMB	MGBC000355
mGMB	MGBC000359
mGMB	MGBC000395
mGMB	MGBC000436
mGMB	MGBC000441
mGMB	MGBC000444
mGMB	MGBC000445
mGMB	MGBC000448
mGMB	MGBC000451
mGMB	MGBC000455
mGMB	MGBC000457
mGMB	MGBC000458
mGMB	MGBC000459
mGMB	MGBC000461
mGMB	MGBC000462
mGMB	MGBC000465
mGMB	MGBC000477
mGMB	MGBC000479
mGMB	MGBC000480
mGMB	MGBC000489
mGMB	MGBC000495
mGMB	MGBC000496
mGMB	MGBC000498
mGMB	MGBC000499
mGMB	MGBC000500
mGMB	MGBC000503
mGMB	MGBC000515
mGMB	MGBC000518
mGMB	MGBC000522
mGMB	MGBC000523
mGMB	MGBC000524
mGMB	MGBC000527
mGMB	MGBC000531
mGMB	MGBC000533
mGMB	MGBC000538
mGMB	MGBC000539
mGMB	MGBC000541
mGMB	MGBC000542
mGMB	MGBC000548
mGMB	MGBC000551
mGMB	MGBC101916
mGMB	MGBC104239
mGMB	MGBC105165
mGMB	MGBC105224
mGMB	MGBC105541
mGMB	MGBC105567
mGMB	MGBC111586
mGMB	MGBC112607
mGMB	MGBC113583
mGMB	MGBC115827
mGMB	MGBC117240
mGMB	MGBC118027
mGMB	MGBC123032
mGMB	MGBC123542
mGMB	MGBC131118
mGMB	MGBC131955
mGMB	MGBC142465
mGMB	MGBC143741
mGMB	MGBC157434
mGMB	MGBC162392
mGMB	MGBC162430
mGMB	MGBC162466
mGMB	MGBC167061
miBC	MGBC000011
miBC	MGBC000018
miBC	MGBC000037
miBC	MGBC000050
miBC	MGBC000100
miBC	MGBC000183
miBC	MGBC000217
miBC	MGBC000328
miBC	MGBC000334
miBC	MGBC000555
miBC	MGBC000557
miBC	MGBC000558
miBC	MGBC000559
miBC	MGBC000561
miBC	MGBC000562
miBC	MGBC000563
miBC	MGBC000564
miBC	MGBC000565
miBC	MGBC000568
miBC	MGBC000569
miBC	MGBC000573
miBC	MGBC000574
miBC	MGBC000577
miBC	MGBC000578
miBC	MGBC000582
miBC	MGBC000585
miBC	MGBC000586
miBC	MGBC000588
miBC	MGBC000589
miBC	MGBC000596
miBC	MGBC000597
miBC	MGBC000599
miBC	MGBC000600
miBC	MGBC000601
miBC	MGBC000602
miBC	MGBC000603
miBC	MGBC000604
miBC	MGBC000606
miBC	MGBC000607
miBC	MGBC103140
miBC	MGBC103503
miBC	MGBC105165
miBC	MGBC105567
miBC	MGBC107915
miBC	MGBC115827
miBC	MGBC162392
miBC	MGBC167061
NCBI	MGBC000011
NCBI	MGBC000013
NCBI	MGBC000037
NCBI	MGBC000183
NCBI	MGBC000190
NCBI	MGBC000217
NCBI	MGBC000289
NCBI	MGBC000316
NCBI	MGBC000320
NCBI	MGBC000322
NCBI	MGBC000324
NCBI	MGBC000328
NCBI	MGBC000334
NCBI	MGBC000335
NCBI	MGBC000338
NCBI	MGBC000343
NCBI	MGBC000345
NCBI	MGBC000346
NCBI	MGBC000348
NCBI	MGBC000349
NCBI	MGBC000355
NCBI	MGBC000357
NCBI	MGBC000359
NCBI	MGBC000370
NCBI	MGBC000375
NCBI	MGBC000377
NCBI	MGBC000384
NCBI	MGBC000387
NCBI	MGBC000393
NCBI	MGBC000395
NCBI	MGBC000405
NCBI	MGBC000413
NCBI	MGBC000414
NCBI	MGBC000416
NCBI	MGBC000421
NCBI	MGBC000422
NCBI	MGBC000424
NCBI	MGBC000425
NCBI	MGBC000428
NCBI	MGBC000429
NCBI	MGBC000431
NCBI	MGBC000500
NCBI	MGBC000573
NCBI	MGBC000582
NCBI	MGBC000588
NCBI	MGBC101821
NCBI	MGBC102441
NCBI	MGBC102794
NCBI	MGBC103056
NCBI	MGBC103140
NCBI	MGBC104239
NCBI	MGBC104650
NCBI	MGBC105142
NCBI	MGBC105161
NCBI	MGBC105165
NCBI	MGBC105409
NCBI	MGBC105567
NCBI	MGBC106688
NCBI	MGBC107915
NCBI	MGBC109742
NCBI	MGBC109852
NCBI	MGBC110046
NCBI	MGBC110790
NCBI	MGBC112607
NCBI	MGBC113583
NCBI	MGBC114912
NCBI	MGBC114913
NCBI	MGBC116409
NCBI	MGBC116812
NCBI	MGBC120535
NCBI	MGBC128351
NCBI	MGBC129157
NCBI	MGBC131349
NCBI	MGBC134540
NCBI	MGBC135575
NCBI	MGBC135721
NCBI	MGBC136599
NCBI	MGBC139895
NCBI	MGBC141840
NCBI	MGBC143306
NCBI	MGBC161191
NCBI	MGBC162392
NCBI	MGBC162430
NCBI	MGBC163158
NCBI	MGBC165444
